word,part,definition,graphemes
aa,bu.,bu. vh subteta vzt subtet kysi o vh subtate vzt subtat kysi deqhm. cxla ysi gega in sxgu z gega shlp. in vs ju buhhtes uxi beba.,aa
aaosi,e.,e. taar in kauin hgasi dkdg deqhm.,aa o si
aappaa,sj.,sj. yra lela. yra ja asj. kat yra o gta z ja ahk je hji.,aa pp aa
aayin,e.,e. aosiple taar je ji el je ishl am hji inasi.,aa y in
achai,e.,e. ahk kap gudde.,a ch ai
achei,sj.,sj. yra lqa o htu ykai z je yra ji oteb.,a ch ei
afhjshf,e.,e. aappaa je axx. am olla. yra je kap axx. aokai je sxk ji.,a f hj sh f
afsu,k.,k. vh cjja ee vh cjje aisir rik.,a f su
aga,sj.,sj. afsu f hucher.,a ga
agappx,sj.,sj. ewer z kytu. a kuuee.,a ga pp x
ahg,k.,k. vk gudde aa shg dkdg.,a h g
ahj,sj.,sj. taar gudih kyin el shley. uku hucher hmt beba el shley.,a hj
ahk,k.,k. ging dkdg vk kytu.,a h k
ahsh,sj.,sj. ahg kytu f sxresh.,a h sh
aibesj,sj.,sj. lef jajije lpubel ash. gegagu z l uxi aie hji.,ai be sj
aidu,k.,k. qah suba kadu am subb kap kadu.,ai du
aie,sj.,sj. dust ja je asj ee je ja asj o dust je giduh z ja yk dkdg ee ja giduh z je yk dkdg aa uxi kytu f kyv.,ai e
aige,e.,e. yra ahg.,ai ge
aiger,i.,i. ahg je atek kat yre ginger je ji.,ai ge r
aiguux,sj.,sj. vh oraux qatub z gega bteb f eeluz.,ai gu ux
aiin,k.,k. vk gudde aa thg dkdg f ging rak in dkdg.,ai in
aik,k.,k. ju yra suba kadu o yra subb kadu.,ai k
aiok,k.,k. vh uxaux yele vzt yra suba aiqr. yra aik.,ai o k
aiqr,k.,k. vh yre sjlup o vh uxauxf vzt beba.,ai qr
air,sj.,sj. liliax z ja.,ai r
airli,k.,k. suba kytu aa subb kytu aa ehg kytu.,ai r li
airlx,k.,k. suba kytu am subb hytu.,ai r l x
aish,sj.,sj. qah z ju lela lela kadu.,ai sh
aisir,a.,a. asre deqhm.,ai si r
aitek,e.,e. hhk husj. oly hhk husj. thg atek. oly thg atek. aohz je je tji. aohz ahk je ulio.,ai te k
aitgutea,sj.,sj. ahk yra gudde brye aozh alax ji. vk gudde irli atek aozh alex ji.,ai t gu te a
aiugf,i.,i. oley el je tlah f lela belu je kyso. taar yra ji. am deaw je xgf. auin jel ji.,ai u g f
aizsuda,sj.,sj. kyin aa toy f zuf z ging.,ai z su da
aizt,sj.,sj. tair vzt.,ai z t
aje,cj.,cj. subtatef je.,a je
aka,sj.,sj. akerux ee akcxa.,a ka
akabk,sj.,sj. yre aka l ppsux ji. yre aka el l btebe kap bek ji. aka yk ahk vs aka btebe f zkehu ji.,a ka b k
akachf,i.,i. gudda yra ktap hji. lpupl exiex xgin yra dkdg. plahe yre gudda ktap shg. lpupl btebr shg yra dabu. oyr xgin kevin kzin.,a ka ch f
akagata,sj.,sj. amti ahk kyv f deda.,a ka ga ta
akcxa,sj.,sj. laf yra cxs kat tael yra ji el yra lqa.,a k cx a
akerux,sj.,sj. laf xeli cxs.,a ke r ux
akudep,sj.,sj. qvq z guo. k. plu guo rah in dyt.,a ku de p
akydep,k.,k. plu liuzu z guo akudep.,a k y de p
akyt,k.,k. siuaa subtet ee subtat hji.,a k y t
alaw,sj.,sj. alp kakakaw.,a la w
alax,e.,e. sxuk uxauxf ging aiin.,a la x
alb,e.,e. uku alp. vh dku hutl vs def kakauka yra ji.,a l b
alex,e.,e. sxzu ging aiin.,a le x
alfsu,sj.,sj. pdepr aga ji ishl.,a l f su
algin,sj.,sj. yre alpp. kap lavit am utal. uxaux siuai ykai ehu dkdg.,a l g in
alih,k.,k. pdepr hucher kyin.,a li h
alip,e.,e. vs je alp ji.,a li p
alp,e.,e. hucher alpu. suba heba in bteb am subb beba in bteb. kakauka vs du ju yra ji.,a l p
alpi,a.,a. kyin f hgasi alpp.,a l p i
alpp,sj.,sj. 1 vh sxzu subteta f vzt. 2 dust sxzu subteta vzt ji o kadu f sjlup. 3 dust suba kap kyv am subb kyv o kadu f hgasi. 4 vh wax f liuzu.,a l pp
alpu,k.,k. alp yra kyin.,a l pu
aluzui,sj.,sj. tata z je xhjra.,a lu zu i
am,bu.,bu. vs subtet fsa ji f subtat deqhm. alp sxresh deqhm.,am
amaze,sj.,sj. plato aiqr f sjlup.,am a z e
ami,e.,e. axuax amsht je ji el je in laf ishl.,am i
amka,k.,k. uzuini belu je tacx am vk khjla thg je chsiv.,am ka
amsht,sj.,sj. vk subt vt alpp f bzui f zuf z vzt.,am sh t
amtai,sj.,sj. suba kysi o qah ubva kadu f yra.,am ta i
amter,k.,k. ju oraux aoliga.,am te r
amti,sj.,sj. alfsu ahk f yra. akudep ahk kyso f yra.,am t i
amx,e.,e. rali aoer ee guo hji.,am x
aoer,sj.,sj. yra z guo f lavit lela ahk tky f cxla pdepr z lela.,ao er
aohh,bu.,bu. ju sxresh sxresh kap kaish.,ao hh
aohj,sj.,sj. axuaxf yele vh vzt in sjlup.,ao hj
aohjg,hh.,hh. 1 vs ju yra sxk erisula yra kadu. 2 dest in dast ju yra kyv o yra kyv.,ao hj g
aohucx,e.,e. uxaux ging shlp.,ao hu cx
aohz,bu.,bu. dust tair subtet ji o tae ehut subtat ji.,ao h z
aok,k.,k. 1 ging shlp. 2 vh cxhht vk ju yra vt yra kyv.,ao k
aokai,e.,e. belu asj am hhk f akudep.,ao ka i
aokasx,sj.,sj. yra qrfde hucher in sxresh. bu. qrfde deqhm deqhm.,ao ka sx
aol,e.,e. hhk axhk.,ao l
aoley,e.,e. subt dvt lpubel subtat ahk vztu f oley.,ao le y
aoliga,k.,k. suba hkdg am subb dkdg. rak.,ao li ga
aosiple,a.,a. vh uxaux vzt.,ao si p le
aoxh,bu.,bu. xzt tair subtet pji o elau subtat ji.,ao x h
aozh,bu.,bu. tae ehut subtet ji dust tair subtat ji.,ao z h
aozra,sj.,sj. belu je jajije f lava lela.,ao z ra
apda,sj.,sj. vh lap f deda in sxresh.,a p da
apu,q.,q. pu lela.,a pu
artai,sj.,sj. amtai ahk akagata rink.,a r ta i
ash,sj.,sj. l asj z gtin.,a sh
asj,k.,k. 1 vk ja je f akudep kyv. 2 ahk yamte ew el lela chley. 3 yra belu rak.,a sj
asre,k.,k. ubva kytu o lisuvai kytu.,a s re
asx,k.,k. 1 asj am axuaxf ji. 2 dust ja ee je kap utei o vh akudep z je ja alih kat ja je asj.,a sx
atai,sj.,sj. ju ja ja asj el je lqa. je ju ja hji.,a ta i
atek,k.,k. 1 sxuk taar kyin. 2 taar subb kyin.,a te k
auin,e.,e. kap kauin. kauin cji ji el hhg je ishl.,a u in
axdacj,sj.,sj. uxaux aohjg l aiqr shlup f sxgu.,ax da cj
axgg,sj.,sj. plu subteta guo beba f hucher.,ax g g
axhk,k.,k. 1 vk ju yra ee yra ysi hucher kytu. 2 ysi hucher yre hucher kyin.,ax h k
axht,k.,k. vk exiex sjlup yra axhk.,ax h t
axi,a.,a. hhk sxi axuax.,ax i
axlk,k.,k. exiex ykai subb yre sui lav deda kyin.,ax l k
axt,sj.,sj. vh etela f kusxkusx sjlup z yre lela.,ax t
axuax,hh.,hh. kap uxaux. zuf bteb.,ax u ax
axuaxf,e.,e. hgasi z l axuax dkdg.,ax u ax f
axx,k.,k. sxuk hsj.,ax x
azui,sj.,sj. yk vk yre lela in vk uku lela yra kysi.,a zu i
baali,sj.,sj. 1 vzt z sjlup. 2 vzta sjlup gato deqhm.,ba a li
bafta,sj.,sj. taar in kauin ktap yk dkdg o jater in ratazee ktap hkdg.,ba f ta
bakai,sj.,sj. alp hjter kyin.,ba ka i
bakal,e.,e. blek je oly eji.,ba ka l
bataam,sj.,sj. amsht kap kytu f yra lela.,ba ta am
bazg,sj.,sj. vk bteb guo ska.,ba z g
bcx,k.,k. vt yra aok.,b cx
beak,k.,k. vk zucjch vt alpp yra lela kysi.,be a k
beax,sj.,sj. ykai z liliax. k. hucher deqhm.,be ax
beba,k.,k. ging ahk pdep. yra yra ji. e. ging dkdg. sj. ging ahk pdep el bteb f kusxkusx gega.,be ba
bebak,k.,k. beba aa fgah aa akydep.,be ba k
begai,sj.,sj. beba f uku vzt.,be ga i
behm,sj.,sj. hmt l bebak.,be hm
bek,k.,k. vk lela daeif rek.,be k
belu,k.,k. plu akudep plaf.,be lu
berge,sj.,sj. gebr el pvbe tkr f yre elau gega ji.,be r ge
besjp,sj.,sj. esjip l bebak.,be sj p
bett,sj.,sj. vk l beak f qvq f gazter.,be t t
bevi,sj.,sj. ktap kytu f ewer.,be v i
bezt,k.,k. vh kap ppicj f yra tata shlp aa vs laf utei aa oley akydep.,be z t
bezu,k.,k. sxzu belu.,be zu
bhh,sj.,sj. vh subtet ee subtat ska.,b hh
bik,k.,k. ysi rali sjam kyin.,b i k
bipu,e.,e. xzt yra je rcxs.,b i pu
bki,k.,k. liuzu z yre deda tky. lpubal eduh sxde ji.,b k i
blek,sj.,sj. je eji shley f lela.,b le k
blih,e.,e. vk kytu oing hkdg.,b li h
blit,k.,k. hjter pdepr rak o iligt btebr rak.,b li t
blug,sj.,sj. yra tla f zuf z lela.,b lu g
botvi,sj.,sj. yre vs dudi aohjg l aiqr. sasih tlah.,b o t v i
bpu,q.,q. pu kyv.,b pu
braee,sj.,sj. qlat el teer subt ji ji. vk subtat yk ahg atek. subt hhg ejlip.,b ra ee
brue,k.,k. sxzu brye.,b r u e
brxe,k.,k. vh qah hhk tky.,b r x e
brye,k.,k. 1 ehg yra kysi ishl am heze hkdg. 2 aaosi yra ji ishl am heze hkdg.,b r y e
brysh,sj.,sj. qahh xyt f qvq. brye f qaq. qahh yra ehu.,b r y sh
bsjzv,sj.,sj. ysi hmt el guo ahk l jajije kyso.,b sj z v
bsxju,e.,e. kap sxi uxaux in axuax ju yra yra byta.,b sx ju
bteb,k.,k. 1 eguux kyv. 2 liuzu z yra tky. sj. suba chil f ging.,b te b
btebe,k.,k. uxi bteb.,b te be
btebr,sj.,sj. bteb f lela.,b te b r
btef,k.,k. vk ju lbf vt lbf hucher kalao.,b te f
btep,k.,k. heha qwq kyin.,b te p
budal,sj.,sj. suja xhg je lacx. suja je asj am yra lisu xhg je lacx.,bu da l
buhhtes,sj.,sj. yre eeluz ahk subtet ee subtat kyin vx yra. bu kuuee.,bu hh te s
buk,sj.,sj. yras gega in heha f luwux gazter.,bu k
buzpu,p.,p. qlat el aozra tku ji. am gta je ahg. aozra ahk gta hji pu.,bu z pu
byta,k.,k. vs lef in def f yre hutl sxi taar ypu tky.,b y ta
bzui,sj.,sj. beak f akydep.,b zu i
chdut,sj.,sj. vk zucjch vt subt gaeif z qrexzt.,ch du t
chge,sj.,sj. vh ahk ppicj f ler uxaux qahh dkdg. vx jel yre lela f yra ler.,ch ge
chha,k.,k. vk utei.,ch h a
chhsida,e.,e. juchsj xinei ji el je lqa.,ch h si da
chil,k.,k. vk wax vt wux kysi.,ch i l
chla,sj.,sj. thg gudde f law.,ch la
chley,k.,k. ehg qwq kaish belu. sj. ley z axgg.,ch le y
chlicx,k.,k. erk lpubal hgaxi rah.,ch li cx
chlie,e.,e. chil.,ch li e
chra,sj.,sj. qlat el pip asj f yra lela tku ji. l ew z jar je ahg.,ch ra
chre,sj.,sj. ezugad xyt am wsir ji.,ch re
chsiv,k.,k. subb kap kytu. e. liuzu ju yra ee yra hkdg.,ch si v
cht,k.,k. beba z laf rek.,ch t
chtai,sj.,sj. vk ler z gudih uxaux pip lutad qwq f gazter.,ch ta i
chtu,k.,k. taar ubva ji kka hhg kytu.,ch tu
cjab,bu.,bu. subtet kysi xyt subtat kap kysi.,cj a b
cjade,sj.,sj. tade uku sxresh ji f chtai.,cj a de
cjdacx,sj.,sj. deqhm z sjdr. cj kuuee.,cj da cx
cjdahh,e.,e. uxaux hutl in ler dkdg. qlat el xihuhesh z yras tuk aa dyt ji.,cj da hh
cjhht,sj.,sj. ekin z iligt.,cj hh t
cji,cj.,cj. subt btebr deqhm.,cj i
cjja,e.,e. subtatef gato baali.,cj ja
cjje,e.,e. subtetaf gato baali.,cj je
cxdau,sj.,sj. vh wax liuzu z guo f hjter. guo ahk dupi ee tuzt.,cx da u
cxdg,e.,e. kap rek.,cx d g
cxgai,sj.,sj. vh du kaw exiex sxresh ehu kysi. xux inlt akudep.,cx ga i
cxhht,sj.,sj. 1 rik f sjlup in hgasi. 2 ju kazuqr ee kazuqr ahk rik f yele sjlup. 3 gaeif z l rik.,cx hh t
cxihutu,e.,e. chhsida je ji am xaxaxa je hkudep kat ju ja ehg je dkdg el je lqa. siuaa taar ju ja ee ja ji el je lqa.,cx i hu tu
cxizu,k.,k. taar ji xyt el je kyso kat livi dabu.,cx i zu
cxla,a.,a. vh uxauxf sxresh kysi.,cx la
cxlh,sj.,sj. vx axt z yra lela ahk yra kytu o ahk yk yra kytu f kyv.,cx l h
cxli,k.,k. ahk dyt.,cx li
cxlia,sj.,sj. 1 sjlup kyv f pdepr. 2 eguux in lela hji f pdepr.,cx li a
cxlu,a.,a. vh yele uxauxf kysi.,cx lu
cxqku,sj.,sj. yre axuaxf kazuqr. hatel kadu.,cx q ku
cxs,k.,k. yre btebr bteb dr thg yre pdepr pdep dr dsu.,cx s
cxsi,e.,e. siuaa vs yra kadu.,cx si
cxsuv,e.,e. livai hytu.,cx su v
cxtqal,sj.,sj. dyt f cxhht.,cx t qa l
cxuk,e.,e. axuax in uxaux suba zuf ji.,cx u k
cxzl,e.,e. yra kap asx f akudep.,cx z l
daah,sj.,sj. yra yra ji ahk kyso f ewer.,da a h
dabi,k.,k. kap vzte in vztel ju yra ji el yra kyso.,da b i
dabu,k.,k. kap vztel sjlup yra kabu.,da bu
dadali,sj.,sj. je ehu ja asj.,da da li
daeif,sj.,sj. yra ahk kytu f gaeif.,da ei f
daf,sj.,sj. ju deda.,da f
dahpu,sj.,sj. subtate sjlup. gta ee guerg kadu.,da h pu
dahsx,e.,e. ja belu je shlp.,da h sx
daidu,sj.,sj. taer ahk gudih kyin f qwq.,da i du
daiei,sj.,sj. l ahg z yras ahk l ppicj z yras lire f yras lela. etela dsiu.,da i ei
daita,e.,e. gapuita dkdg.,da i ta
daiu,k.,k. yra qatub ji.,da i u
dalei,sj.,sj. ja xyt f lela.,da le i
dast,bu.,bu. sxresh kyv f vh subtate vzt deqhm.,da s t
deaw,a.,a. vh subtate deqa kaw.,de a w
deda,sj.,sj. lela hji f hucher.,de da
def,cj.,cj. ysi in exiex deda beax.,de f
degulu,sj.,sj. tair zlut ji el ysi tky f kyv.,de gu lu
dela,sj.,sj. lela xyt f deda.,de la
deo,sj.,sj. vh uku ktap f axuax ykai dkdg am vk ktap ahk jar kyta f axuaxf ktap.,de o
deqa,e.,e. deqar ji.,de qa
deqar,sj.,sj. vh subteta ypu vda el tta lela dvt aa subb vda f yra.,de qa r
deqh,k.,k. vs yre gege yre hucher deqhm aa bteb.,de q h
deqhm,k.,k. 1 hucher beax. 2 vh subteta heba f gega kyv. 3 yre hgasi kyv. sj. beax f lela in deda.,de q hm
dest,bu.,bu. sxresh kyv f vh subteta vzt deqhm.,de s t
deuka,sj.,sj. kakauka ju lela f idcx ee idcx z lela dew ji.,de u ka
dew,a.,a. vh deqa yele vzt.,de w
dexin,e.,e. ja hhk je aik cjab dadali.,de x in
deygin,sj.,sj. laf ahk akydep kat cji xgin.,de y g in
dgasir,sj.,sj. vzta f yra hgasi z pdepr.,d ga si r
dher,q.,q. vh yra ubva beba am subb kap bteb f hutl.,d he r
dkder,sj.,sj. dkdg f uku yra.,d k de r
dkdg,k.,k. wux z yra ju yra kadu.,d k d g
dkdger,sj.,sj. dkdg f lela in deda deqhm.,d k d ge r
dku,hh.,hh. vh uku f deqar.,d ku
dr,cj.,cj. sjdr eeluz kyin. subtate eeluz kadu.,d r
dsiu,k.,k. siuai ju yra ee yra ji.,d si u
dsu,k.,k. siuaa ju yra ee yra ji.,d su
dsxl,sj.,sj. vh yamte yras f kap subtet ee kap subtat f yra kadu f sjlup.,d sx l
du,hh.,hh. vh yrs f ju yra aa ju yra aa yra.,du
duada,k.,k. guo luwux ging kadu.,du a da
duax,sj.,sj. dudi aiqr f liaax z utu lela.,du ax
dudi,sj.,sj. yre axuaxf kazuqr. suja je ulilu f vh yra. yamte kakakaw yra je aiqr.,du d i
duer,sj.,sj. duax ji f lela.,du er
dukai,e.,e. aohucx libux akudep.,du ka i
dule,k.,k. taar belu am hytu.,du le
dupi,k.,k. hezl yra kap kysi aiin.,du p i
dupo,k.,k. yra hezl kap kysi el dupi.,du p o
dust,bu.,bu. sxresh kyv f vh vzt deqhm.,du s t
duta,k.,k. vk iley hkdg kysi.,du ta
dutipp,e.,e. vh uxauxf vzt kap ulilu.,du t i pp
dutu,k.,k. vk ppicj hkdg kysi.,du tu
duty,sj.,sj. thg gudde f yra ahg je gudde.,du t y
dvt,k.,k. qvq qwq kyin.,d v t
dyt,k.,k. qahh juya kyin.,d y t
eami,e.,e. exiex amsht je ji el je in laf ishl.,e am i
eduh,e.,e. qlat vk kytu ji. suba bki.,e du h
ee,bu.,bu. ju yra yra shlp deqhm. cxla ysi gega shlp.,ee
eeaa,sj.,sj. eja ee aje je kap kaxs el je shley.,ee aa
eeluz,sj.,sj. gega ee gega shlp f liliax z eguux.,ee lu z
egain,e.,e. uxaux subtatef lela lqa. vztel yra z ladut ji.,e ga in
egaxi,e.,e. isiga in xsiga z hgasi dkdg.,e ga x i
egg,e.,e. hgasi z axgg dkdg.,e g g
egta,e.,e. exiexf xlag o lagat igf o bezu atek.,e g ta
eguux,sj.,sj. 1 pdepr ee btebr f xihuhesh bteb f ewer in eishu. ahk qhh o gega shlp. 2 lela in deda bteb f gega. e kuuee.,e gu ux
egw,sj.,sj. alp deda kyta asj f etela.,e g w
ehg,k.,k. vh subtate kyv.,e h g
ehjr,e.,e. heba.,e hj r
ehu,k.,k. ehut ji.,e hu
ehut,e.,e. kap lav ee kap gude. uxauxf in axuaxf ahk.,e hu t
eiar,hh.,hh. 1 kap taar ee kap kauin. 2 vk yra sxvz lela cxla hkudep.,ei a r
eiber,e.,e. zaxei zhlig ji kat l asj z zulig libux ejlip.,ei be r
eida,hh.,hh. vx cxsi lela cxla yra kytu.,ei da
eider,e.,e. zaxei zhlig ji kat aka z zulig dupo.,ei de r
eihcx,e.,e. taer je ji el laf bteb el je chley. je laf ahg el je chley.,ei h cx
eihk,e.,e. ehut l gudde ji.,ei h k
eilcx,sj.,sj. eiar el cxlu ejlip ji. kat uxauxf ehut l xkaka cxlu ji. uxaux xax hhg.,ei l cx
eir,sj.,sj. liliax z je.,ei r
eisft,k.,k. kap bteb am vda. vst bteb pdep.,ei s f t
eishu,sj.,sj. uxaux pdepr kelio f axuax btebr.,ei sh u
eitek,a.,a. vs ekin ee l atek.,ei te k
eizt,sj.,sj. vzte ging.,ei z t
eja,cj.,cj. alp ja.,ej a
ejami,e.,e. ja ralio je rek el je belu. ja bezu je ulio dast sxzu uami je iji. ja belu je liso tku kat amx je eji. ysi yux subb amsht z je ji. uami je ji. je yra ejlip.,ej am i
eje,cj.,cj. subtetaf je.,ej e
eji,k.,k. ehg ji. am subb hji.,ej i
ejk,k.,k. ehu ahk.,ej k
ejlip,k.,k. kauin ehg kyin el helu aa ejlpp ji.,ej li p
ejlpp,e.,e. vh qah kauin subb akudep ji.,ej l pp
ekin,sj.,sj. sxuk belu f ging in akudep.,e k in
el,bu.,bu. ysi eeluz shlp f gega. vh cjdahh eeluz bteb. ju yra ahk dr tuk aa yra tuk. xzt eeluz yra ji o ju yra ee yra f dsxl kadu.,e l
elau,e.,e. uxauxf in uxaux qatub dkdg.,e la u
elipp,sj.,sj. dust xux je ji o suba heba f exiex pul kyin. sxi qlat el subt z l beak yra kyso.,e li pp
erisula,sj.,sj. gato z cxhht.,er i su la
erk,k.,k. idcx dvt.,er k
esjip,e.,e. vh etela ging luux ska.,e sj i p
esjp,e.,e. ubva shlp.,e sj p
etabu,e.,e. teer belu je atek. oley gerg z je ji el je belu.,e ta bu
etela,sj.,sj. etla yras lela.,e te la
etla,e.,e. pip tla.,e t la
etu,e.,e. ahk kytu.,e tu
eut,e.,e. kap lav.,e u t
evamt,sj.,sj. sxresh kysi.,e v am t
ew,k.,k. vk hgasi z l gudde sxi inlt rik.,e w
ewer,sj.,sj. 1 ewi lela in deda. 2 ju deda ew f deda.,e w er
ewi,e.,e. ahk ew.,e w i
exate,sj.,sj. vzt ee sjlup sub uxi tuk f qvq.,ex a te
exiex,hh.,hh. kap axuax ee kap uxaux.,ex i ex
exiexf,e.,e. exiex f hgasi dkdg.,ex i ex f
eytu,e.,e. ehut el yra kytu ji.,e y tu
ezugad,e.,e. qatub dkdg.,e zu ga d
ezuged,e.,e. oley l kalao ji el ishl.,e zu ge d
ezugud,e.,e. plu yra ahk tkr.,e zu gu d
f,bu.,bu. subtat subtet bteb deqhm. gega in axuaxf eeluz subtat ji.,f
fakpul,i.,i. aka inlt kysi el puel kyso. vh l beak ee etela cxlu puel ji. dust yre lela je asx o puel yra dkdg. xzt vk je aka yra kap kyv o ja yra ji.,f a k pu l
fapvog,i.,i. ginga gaink ee gaing ji. xyki def hkdg el kap luwux dr hji. siuaa ovo def hkdg kat ovo kap lisu ginger dkdg.,f a p v o g
fasjh,i.,i. l hhk f lela je inlt asj kat plahe vk je yras f l asj ji lpupl tta guo yra l asj ji. guo z yras je belu am tta guo vk yras je ji. l asj z qahh yra xdet.,f a sj h
fatezh,i.,i. zucjch thg beba. vh yra lela airlx o subtet fgah. qah subtat hadu. vh yra subtat heba. kat zucjch yra ji.,f a te z h
fatvz,i.,i. uxaux vzt suba je werx. uxaux iligt suba je werx. uxaux qahh aidu. am hhg ejlip. gaint yk shg tla.,f a t v z
faxgu,i.,i. axuaxf ging uxauxf ging kyin lpu. uxauxf ging axhk in axlk.,f ax gu
fbeeg,i.,i. ging eguux ji. vk beba ging lela ahg. vk beba eguux kap thg lela ahg. am lela lela ji aozh qah ishl. eguux qah ahg.,f be e g
fbeka,i.,i. thg lela ubei. kat ubei o ahk lela tabir pip asj. yre ler l akydep eguux ji.,f be ka
fbeprs,i.,i. gazter z gega ee aiguux oraux ji. qahh gega ee aiguux ji pu. hut pdepr gega yk ji. btebr aiguux ji. tae aiguux gega shlp. hut btebr pdepr shlp.,f be p r s
fchht,i.,i. cxhht bpu. liuzu z gudih baali bki. cxhht axdacj ee liuzu z gudih bki. lpupl cxhht l bebak z lela bki.,f ch h t
fchhtl,i.,i. cxhht lela bki lpu.,f ch h t l
fcjpul,i.,i. cjdahh du lela ji. ash ahk puel alpp lpubul aka.,f cj pu l
fcxht,i.,i. ahk juya axhk. yre lela yra juya hji. dyt f cxhht ee dvt f cxhht dsiu.,f cx h t
fcxinl,i.,i. laf in daf kauin ging cxs lpu. vk cji dupi hba vzt hkdg el lela l xkaka kyso. kauin yra kytu el lela kyso bteb am olla kauin kytu f gegagu cji hji.,f cx in l
fdahra,i.,i. l wux bpu. ja ee je uxi beba f sjlup pu. dahpu yra ji pu. dast ja ee je taga o dahpu jef hkdg am wuh ja ee je ji. dest lef taga o dahpu dkdg am wux ehu ja ee je kap uxi kadu. l wux l gatira keka.,f da h ra
fdylb,i.,i. palb tkr aozh l alb dyt. alp l uku ji dr l alb hji. alp yra ahk lela akydep vx yra dr l alb ji.,f d y l b
fgah,k.,k. vh qah qahh kytu.,f ga h
fgauqr,i.,i. law l airli ji. dku zkehu ehu lela vda. aokasx jeqr duta. chla z vlzu l airli ji.,f ga u qr
fgaux,i.,i. dku jeqr hhk lela duta. law thg lela vx cji gudde. yamte lela kyin aozh ewer hhk lela dkdg.,f ga ux
fgetair,i.,i. ysi aiguux l tair dkdg. taar ji kat yra yamte kyin o kat taber yra ji. vk siuaa gega xhg ysi aiguux ji kat kauin yl ysi vx yl yre kyin. yamte l tair hhg.,f ge ta i r
fgiahh,i.,i. vk qahh f l asj l asj z qahh hji. gaint vk qahh f l asj ji. vx fasjh tta guo l asj z qahh ji. giduh z ginger vt qahh f l asj bki. l akydep giduh z ginger hkdg.,f g i a hh
fginly,i.,i. xzt tair fbeprs ji o je ja shlp. ley guo z ja ji aa ley guo z je ji. xsiga l amx ee xgin hji. ykai z yre lela xyt. olla ykai z ginger yras ji.,f g in l y
fgubea,i.,i. beba z cji je kap yk ji. dust du kaw dku yra je cht o guo z je beba z yra kadu.,f gu be a
fhdut,i.,i. uiah ahk yk yre lela rake. yra lela shg yras lela rek el jel kap daiu. yra lela livai shg yk yre lela rak el jel daiu. yra lela livai yra lela ji. xytu jel ji.,f h du t
fhmxqa,i.,i. ladut hmbaao hji el lela ishl. sxqa shg hmbaao ji. am l sxqa bpu. vk ket qrexzt l sxqa kyin lpu. dher sxqa ja ji. kka sxqa ja je rik f cxhht ji. hut sxqa xihuhesh z qahh ee ja ji. kka hmbaao yra buk ji.,f hm x qa
fhuer,i.,i. qahh juya kyin f cxhht ja zju kyin f cxhht olla ji.,f hu er
fiara,i.,i. rali dku liaax ji. uku liaax utu lela kap asx lpupl ykai z cji yk asx. jel kysi kat kakauka liaax dkdg f yras lela f liex kap ubva cji ket.,f i a ra
fiaxx,i.,i. kauin aie ji. kat kauin yra ji el yamte bteb.,f i ax x
filqag,i.,i. yamte kakauka beba iligt ee ging ee qahh hji. juya riju ging dsiu. qahh chlie ging dsiu. juya iligt dsiu.,f i l qa g
fippx,i.,i. kat xhjr lela hztl o xamt guo lela xztl. kka ralio guo lela asx. vh ju ler sxuk axuax rali guo ji. teer belu lela kyin lpupl hba taar uku lela hji el vs cji byta.,f i pp x
fjah,k.,k. vh qah juya kytu.,f ja h
fjebry,i.,i. l beak z dku lela ska vs siuaa lucx. dew je kap kaoee am cji shg je brye. taar ehg yra ktap kytu.,f je b r y
fkagata,i.,i. vh yra ktap akagata hhg. jar je brye. dku xhge deda xhg yra ktap dkdg.,f ka ga ta
fkaiga,i.,i. sxi uxaux kata el gaint ahk. inlt l bebak z gtin kytu el ahk sxi uxaux iligt dkdg.,f ka i ga
fkatali,sj.,sj. ehg eja ee aje taga.,f ka ta li
fkaxx,sj.,sj. siuaa geder z uzuini ee yra z je hji. siuaa yras ji el suba je ishl. fuxa yra ji xlio.,f ka x x
fkeing,i.,i. hgaxi el ging beax f gega hkdg. lela keka el hgaxi z ging ji. axuaxf ging inlt ska am qlat tuk aa dyt.,f ke in g
fktap,i.,i. qahh ee juya ee idcx o aka ee puel ee l ppicj yra ktap kedu. ja bpu ee ja lpu ee ja gpu kedu.,f k ta p
flach,i.,i. subtat ahk aish kytu. kat vt qvq pdep ji. vt qwq qvq ji. vt btebr qwq ji. kka vt btebr pdep ji.,f la ch
flagin,i.,i. lagat ginger iji. lagat el ginger dkdg f uku qahh ji. ginger dkdg f uku qahh ginger ji. dkder z ginger uku qahh ji. lagat ginger ji.,f la g in
flara,i.,i. taar aa oley aie ji. kat jef pip asj.,f la ra
flash,i.,i. guerg aie kysi. guo ehu aie kap kyin am qahh aie kyin. lukad qahh yra ji.,f la sh
flatgu,i.,i. teer ejk lada ji. yras kap shtu. rali guo uku yras dkdg. am dust jel o guo guo kap lisu. kat guo livi bki. vst livi gege guo yk ji.,f la t gu
flecxr,i.,i. ysi ler l cxs dkdg. l invh ee l inxh. vs hgaxi ysi ler l cxs dkdg. akerux ee akcxa. l kax yras cxla ji.,f le cx r
fligt,i.,i. qlad exiex iligt ji. uxaux pul ahk exiex iligt tkr. wao etela chtu el yras ahk. iligt ginger ahg.,f li g t
flihed,i.,i. ging zhlut ji. ging qvq ji. luwux qwq hezte qvq ji. akudep z vk xihuhesh luwux qwq ji. ging akudep ji. kka ging zhlut ji.,f li he d
flihh,i.,i. zucjch bzui z yra beba el yrs lela ishl. subt fgah aozh xhjr fgah.,f li hh
flisgin,i.,i. tair lela uku ginger ji. l bebak z yras yras dkdg lpubul yras asj f lela. guo z yras yras dkdg aa guo z yras yras klu. uku ginger shtu. ging ginger ubva o ging ginger lisu.,f li s g in
fpicj,i.,i. ezugad l ppicj ji. vk jar hjter je kyin. kjar ee zbug el jel tehu. l iblug je belu. je vk uku chdut vt uku ladut yrs lela tla el je bezu.,f p i cj
fpligt,i.,i. vx ktap z je je blit axuax iligt ahk je rak. kat yras axuax lela lqa. kat yras belu axuax lela blit. vk utu lela ezugad yras ktap hji.,f p li g t
fqalel,i.,i. qahh lela iji. uxaux lela ginger ji. qahh ee juya f l shlap du lela ji. qahh lela yk hji. juya yras z lela iji. juya el qvq ji am qwq hji f yras ji.,f qa le l
frebl,i.,i. je kauin ging cxs lpu. lpupl btebr yra cxs lpu. ladut ee l sxqa btebr bteb. vs ladut ee l sxqa juya guerg rah. l kaish kauin ging kytu. subtat yra kytu.,f re b l
frra,i.,i. guo du lela dkdg. elau xihuhesh aie ee guo dkdg. hut teer guo teer aie hhg. am wzu cxhht z ash guo kadu. ja ji apu dyt el lela gerra kyso.,f r ra
frycx,i.,i. yamte ler gerysh bcx. yl yre kat gezin o etu l uku el lela vztu. yl ysi yra ji apu el yra tky lpupl vs ginger ee giduh yra f xihuhesh ji bpu el yra tky. yl yamte ginger ee giduh kytu in chtu lpu belu el yra tky.,f r y cx
fsa,e.,e. vs ju yra hhk yra uxi beba.,f s a
fsgin,i.,i. vt spu ging ji el ginger kap lqa. am l thg ging ji. sxi uxaux ging ahk ginger vda kat xigin.,f s g in
fsiaih,i.,i. l wux qahh keka pu. xzt l wux l gatira keka o l wux vk qahh f l brye keka. ahk qahh kytu bpu. sxi taar kyin el gudih ahk qahh kyso pu. law z zucjch el sxi taar gudih kyin ji pu. sxi taar gudih ja ji pu. sxi taar gudih kyin el ja je aok ji.,f si ai h
fsjipu,i.,i. uxipu sjip ji. wax z utu lela yra kadu. sjip z cji ahk tta lela klu. sage sjip z uku lela ji.,f sj i pu
fszinl,i.,i. dest zint o kauin ging beba spu. sxresh l zint ji. lela dyt el dew ahk yra sxresh ew. xzt jel o sxi uxauxf zine ehg axuaxf ging dkdg. xzt kauin ging hhk dyt o vh subtate vk ysi zint el yra chsiv.,f s z in l
ftage,i.,i. tair yk ju lela du lela taga. lef ahk lela asj am yk ju lela ahk taga. kat l pip asj l taga ahg.,f ta ge
ftazra,i.,i. lava gta shg yre lela yk dkdg aa vh begai yra yk jajije.,f ta z ra
ftqal,i.,i. kakauka cxtqal ji vx je in ju lela. kat kakauka ja ji vx je in ju lela.,f t qa l
fturaq,i.,i. kakauka jaraq kakauka axdacj dkdg. am siuai taber el yrs jaraq kaoee. siuaa axuax yra iji vh yrs l siuai.,f tu ra q
fubin,i.,i. kauin ging bpu. kauin ging ehu xhmt ging hji. hmt ehu kauin ging ji. yer hutl ahg je bteb. fyuinl ee fcxinl ee frebl ee fszinl.,f u b in
fuerih,i.,i. sxi taar gudih kyin kyso gpu. xzt beba leda ji aa ginger yras rik o gudih gudih z leda ji el ginger ishl pu. xzt tae o suerr gudih ji.,f u er i h
fukadcx,i.,i. rali hucher lela asx. sxi rali el rali hucher ahk l kakauka kyso. sxi cxzl el cxzl hucher ahk l kakauka kyso.,f u ka d cx
fupul,i.,i. dust fakpul tuk o olla lpubl puel je dkdg. dher kat puel z je o je yre lela asj. puel z ja ee puel z je f bsxju ash ji.,f u pu l
futah,i.,i. utal qahh ji. qahh z je ahk tta lela dkdg. lavit qahh ji am juya hji. yra lela ahk juya ji vhsut lpubul ju lela ahk ju vhsut.,f u ta h
fuxa,e.,e. sxzu kakauka vs suba ishl yra ji kka kyin f akudep.,f ux a
fuxder,i.,i. etabu je ji. jel aozh hezi ee uligt je dkdg. hezi ee iligt zpu. xzt ratazu je ji o vk ja ee je ee guerg zail blit o vk gerg z je zail blit o ahk je juex. taer jel ji am qlat gudde. ratazee kyin el jel gudde f zkehu ji. yl yre dest vk ja ee je zail blit o oley gerg z je ji. yl ysi vk gerg vh taer oexin zail blit. wder je ahg.,f ux de r
fuxga,i.,i. l wux bpu. l wux ja keka pu. guo l wux xyt. ging ahk guo shlp. laf ahk guo kzin. guo z cji je dkdg o ykai z gudih guo z je ji. kka l wux bpu.,f ux ga
fvqw,i.,i. qvq qwq kyin lpu. yra ahk yk lela kyso kat akudep lela dkdg.,f v q w
fxiagin,i.,i. xikag xigin dsiu. kat ash o kagin. kat aie o utal shlp. algin yra utal l shlp ji. ging ahk ginger kyin. l kyin z ginger gubeli ahg.,f x i a g in
fyage,i.,i. yamte ler gebr beba. gerysh ee gerra ee gezin. uxauxf hutl yras ji. frycx ee frra ee fzin sxi uxaux bteb kadu.,f y a ge
fykig,i.,i. ahj olg hji. yra lela olg kap tky. hutl z ladut yk ahk olg pdep. lpupl yre lela ee ginger f yre xyki olg yk ji.,f y k i g
fyuinl,i.,i. kauin ging kyin lpu. yl yre ler lizu tta ging yra ji. vx jel lela dule. yl ysi ler uxaux zuf z ging ji am axuaxf du ging ji. vx jel lela zint. lpubal hut xkaka.,f y u in l
fzin,i.,i. ginger ji bpu el gezin kedu. lpubul ginger eji bpu yra kedu.,f z in
fzuig,i.,i. azui z evamt ypu. xzt subtet ji o gudih giduh ji. xzt subtat ji o du lela lavit beba.,f zu i g
gaeif,sj.,sj. btebr bteb f heze.,ga ei f
gaga,sj.,sj. yre ler xihuhesh z gzugit in gudih in l bebak ahk bteb f yre gege.,ga ga
gaing,sj.,sj. kxat f ging.,ga in g
gaink,sj.,sj. l xkaka tjuk f ging.,ga in k
gaint,sj.,sj. subt shg lisuvai shlap.,ga in t
gakzu,sj.,sj. thg kytu in hytu el uxaux ginger ishl f sxresh.,ga k zu
gapuita,sj.,sj. ehg yra gudde f qwq.,ga pu i ta
gat,k.,k. cxhht btep vh hmb in hmd in hjju in kai hjju.,ga t
gatira,k.,k. ja je asj el je bteb o je ja asj el ja bteb. ja ee je pip brye.,ga t i ra
gato,sj.,sj. qrfde hucher yutehe kelio.,ga t o
gazter,sj.,sj. shlup f deda.,ga z te r
gebr,sj.,sj. hgasi in sxresh ahk kyso f ykai. vh cxhht z l dyt kyin.,ge b r
gebrli,sj.,sj. vk zucjch vt alpp uku ginger yre lela tuk.,ge b r li
geder,sj.,sj. ash kxi f yre kakauke z lela.,ge de r
gedhe,sj.,sj. vs je siuaa f geder.,ge d he
gedher,sj.,sj. gedhe f lela.,ge d he r
gega,sj.,sj. axuaxf yra z eguux.,ge ga
gegagu,sj.,sj. subtet yra ji ee subtat ju yra ji f xihuhesh.,ge ga gu
gege,sj.,sj. ubva keka f hucher beax f gega. yre ler in yre l lavit ahk yra deqhm.,ge ge
geib,sj.,sj. eishu kadu f gela.,ge i b
gekaw,sj.,sj. yra kaw gaink in gaint tky. yras shlp aa zucjch tky.,ge ka w
gela,sj.,sj. esjp lela. cxla exiex in uxaux lela shlp.,ge la
gerg,sj.,sj. subtetaf gingih z yre lela.,ge r g
gerra,sj.,sj. hgaxi du ykai z guo z yre lela cji lqa. ezugad yras ji cji ishl el cji lqa.,ge r ra
gerysh,sj.,sj. ahg yre lela kytu f yra f brysh. ahg yre lela rik f cxhht f brysh.,ge r y sh
gezin,sj.,sj. ahk yre lela ishl f zine z pehut.,ge z in
giduh,sj.,sj. ahk yra lela lqa f uku exate.,g i du h
gin,sj.,sj. vh qah lava lela.,g in
ginete,sj.,sj. gtin. aa guerg. aa gerg. aa lah lela.,g in e te
ging,sj.,sj. hucher ahk hucher ji f subtet.,g in g
ginga,e.,e. tta luwux ju ging ee ging ji.,g in ga
ginger,sj.,sj. 1 yrs lela. 2 yra buk f gege.,g in ge r
gingih,sj.,sj. siuai amsht ji o vh siuai yele vzt bebak f uxaux lela deqhm f gega.,g in g i h
ginpu,i.,i. exiex pul ahk pingu axhk. lagat bpu. xihuhesh z lagat ee ginger bpu. xihuhesh z qahh ee lela bpu. qahh juya kyin lpu. qahh ppicj apu. juya erk apu.,g in pu
ginqer,sj.,sj. ja ee je uxi asj f yrs lela.,g in qe r
gintate,k.,k. vk l taer kyin kytu. igf.,g in ta te
glio,e.,e. ginger je rink. taer je ji aa ginger ahk je keka.,g li o
gpu,q.,q. pu gegagu.,g pu
gta,sj.,sj. yre vh ysi f pip asj f lela.,g ta
gtaf,e.,e. cjja axt ju lela kadu kka exiex erisula ju lela ee lela dkdg.,g ta f
gtar,sj.,sj. vh etela gatira.,g ta r
gtin,sj.,sj. pip asj f ysi lela.,g t in
gua,sj.,sj. guo z lada.,gu a
gubeli,sj.,sj. l bebak z gudih.,gu be li
guda,e.,e. law ahk gudde.,gu da
gudda,e.,e. suba gudde.,gu d da
gudde,k.,k. qvq suba yra ji. am heha ehg yra ji.,gu d de
gude,e.,e. cxla ahk uxaux lela kytu.,gu de
gudi,e.,e. yk yre uku pehut ji.,gu d i
gudih,sj.,sj. ginger kadu f sjlup.,gu d i h
guerg,sj.,sj. 1 subtate gingih. 2 subtate gingih z je. yras belu je kagin. yras je sxuk asj.,gu er g
guo,sj.,sj. qrfde l beba z hucher.,gu o
gutiam,sj.,sj. hhdav pji el yra oraux bteb el je kap lqa. am tair yra ji el je brye.,gu t i am
gzg,a.,a. suba lll am olla subb ji.,g z g
gzugit,sj.,sj. yre gingih bebak f yre yele vzt.,g zu g i t
hadu,k.,k. kap kadu.,h a du
halq,e.,e. axuax qahh yk dkdg.,h a l q
hatel,sj.,sj. gerg z je bebak f sjlup. aosiple subteta je bebak f sjlup.,h a te l
hba,hh.,hh. uku ahg f yras dkdg.,h ba
heba,k.,k. kap beba.,he ba
hegt,e.,e. iligt guo dsiu f bett.,he g t
heha,sj.,sj. 1 subb beba f yra. 2 axuaxf yra z cxlia.,he h a
helu,k.,k. kap belu.,he lu
her,e.,e. hezi ee guo ee dkder z ju lela ehg lela dupi f bett.,he r
heze,sj.,sj. tair hezi ji el ahk pdep f qrfde deda.,he z e
hezi,sj.,sj. 1 tair ji el aosiple uxaux lela ishl. 2 taar chge z yre lela ji el aosiple uxaux lela ishl.,he z i
hezl,e.,e. ehu hezi ee guo ee dkder z ju lela suk vx lela lll in gudih xkaka.,he z l
hezp,sj.,sj. vh du kaw putel gudih ji o putel l bebak ji. am l taar ubva lela brye. pul z cji tku ahk pul z giduh tku ew.,he z p
hezt,k.,k. heze pdep.,he z t
hezte,e.,e. ubva hezt.,he z te
hgasi,sj.,sj. l taar in l kauin z hucher.,h ga si
hgaxi,sj.,sj. isiga in xsiga hgasi ji.,h ga x i
hhcx,sj.,sj. idcx rah lpubal dvt f qvq.,hh cx
hhdav,sj.,sj. yra shg kytu yra lela ishl.,hh da v
hhg,k.,k. kap ahg.,hh g
hhgappx,sj.,sj. eguux in agappx. hh kuuee.,hh ga pp x
hhidte,sj.,sj. vh je ykai z ja bebak.,hh i d te
hhk,k.,k. kap ahk.,hh k
hirle,hh.,hh. hhk airlx.,h i r le
hjb,sj.,sj. hmb in kai hmb deqhm.,hj b
hjchai,e.,e. uxaux in axuax el kysi f zuf ji.,hj ch ai
hjd,sj.,sj. hmd in kai hmd deqhm.,hj d
hjezu,sj.,sj. hjuzu z je.,hj e zu
hji,k.,k. kap ji.,hj i
hjira,k.,k. yras suba shlup o subb axht.,hj i ra
hjja,e.,e. 1 axuax erisula vk ja. 2 vk cjje ee eir vt cjja ee air.,hj ja
hjje,e.,e. 1 axuax erisula vk je. 2 vk cjja ee air vt cjje ee eir.,hj je
hjju,sj.,sj. hjje in hjja deqhm.,hj ju
hjk,k.,k. ehu hhk.,hj k
hjlesu,e.,e. sxzu xux je akudep kat zukasu hhk je kyso.,hj le su
hjter,sj.,sj. jipuqr vx ppicj.,hj te r
hjtira,e.,e. uzuini belu je ilain btebe am alpp lpu el je kap lqa.,hj t i ra
hjuzu,sj.,sj. 1 thg hytu f sxresh f gaeif. 2 xsiga ji el gakzu ishl f yras.,hj u zu
hkdg,k.,k. kap dkdg.,h k d g
hkudep,k.,k. kap akudep.,h ku de p
hmb,e.,e. vk cjja vt cjje.,hm b
hmbaao,sj.,sj. xihuhesh z ja ee je f buk. raiko lpu bteb.,hm ba ao
hmd,e.,e. vk air vt eir.,hm d
hmlup,sj.,sj. utu ging hmt ska f sjlup.,hm lu p
hmt,a.,a. sepsi exate hadu. e. xyki ju yra ee yra dkdg. ahk yras ppicj vx xyki.,hm t
hsj,k.,k. kap asj.,h sj
hsxdu,e.,e. xzt gegagu hkdg o bipu ee blih akudep.,h sx du
htu,e.,e. hhk kytu.,h tu
huaho,sj.,sj. l asj hhk je akudep f yre gedher.,hu a h o
huat,e.,e. zju je sxuk asx.,hu a t
hubui,sj.,sj. liu lela ehu dku sxresh kysa.,hu bu i
hucher,sj.,sj. ginger in kai ginger.,hu ch er
hudaw,a.,a. vh ju kaw aa vh kaw bebak.,hu da w
huhesh,sj.,sj. iligt ee ging ee qahh f xihuhesh.,hu he sh
huji,sj.,sj. vk dutu ysi rink f axuaxf ging.,hu ji
hurer,a.,a. uxaux ging kadu. e. uxaux ging dkdg.,hu re r
husj,k.,k. ging tre el plu uxaux vzt chsiv.,hu sj
hut,q.,q. ehut ji.,hu t
hute,e.,e. beba am ginger kap bcx.,hu te
huter,sj.,sj. jipuqr kap vx ppicj.,hu te r
huti,q.,q. ahk uxaux lela vztu.,hu t i
hutl,sj.,sj. vh wux yras yk kyv in fjah. yra l wux.,hu t l
hxtes,sj.,sj. htu ging z laf kyso plu yra. kauin ji el cxla ishl vx jaai jitas.,h x te s
hytu,k.,k. kap kytu.,h y tu
hztl,k.,k. vk yra hezl akudep.,h z t l
iakyd,i.,i. je belu bpu. gta in deqa gedher. hhk je ulio kat aizt subt hji. gta zaxt lpu el ahg je vtek. am yra thg je asj. lpupl l akydep je ahk yra kyso.,i a k y d
ibaax,i.,i. leax ubva je asj. bataam yra ji. guo z yra je asx. aoer z yra je asx. am l hhk yra ji. ehjr yra ji.,i ba ax
ibaer,i.,i. l hhk f lela je inlt asj kat pleh yras ji dust yras ee je utei. yk belu yras atek ee ppicj. am ulio el atek ee ppicj f yre law ee gegagu ji. pbaer.,i ba er
iblug,e.,e. uxauxf blug dkdg. yra sxzu lela tla.,i b lu g
icjch,i.,i. gta je hkdg el hsxdu je akudep f gegagu ji el je ishl vh subteta. am vh subt o zucjch je xhht el je lqa.,i cj ch
idcx,sj.,sj. yra vzti pdep f kyv.,i d cx
idocxl,sj.,sj. yra luwux qwq deqhm. i kuuee.,i d o cx l
iduaxp,i.,i. liaax asx el du jaraq dkdg. hut vx puel liaax z cji yras lela kap asx. dku liaax ahk je asx chley. lpupl du liaax ahk je akydep.,i du ax p
igabl,e.,e. tata z ja je lisuvai kadu.,i ga b l
igebl,e.,e. je apda kap cxs el je akydep.,i ge b l
igf,k.,k. plu sxuk ekin vk kyin.,i g f
iginpu,i.,i. ginpu yra ktap kedu el je cxla bteb. vx ja rik f cxhht lagat rik f cxhht el je kytu. am ja subb je hkdg lpubul zju lpubul dku ehut vs je siuaa geder ji f lela.,i g in pu
igtini,i.,i. vh kakauka taguqr kakauka jitesh ginger dkdg. dust alp taguqr je aik o zkehu eida cxhht hji.,i g t in i
igubl,e.,e. xuk hhg ejlip.,i gu b l
igueg,i.,i. siuaa ahj ee lagat ee ja ji. vt kakauka hutl siuaa pul yamte yras kvin.,i gu e g
iguigu,i.,i. guo guo kap yk ji. cxla ykai z guo cxdau ji. l ppicj cxdau kedu. daiei ee iligt l ppicj kedu. jaraq daiei ee iligt kedu. dest guo z cji bebak o dvt f yra jaraq ji.,i gu i gu
ihjrtl,i.,i. teer guo uku lela belu. teer guo gua ji. am gua utu tru. teer guo xamt guo keka. xzt subtat heba o subtet heba. teer guo lela belu kat xhjr lela hztl.,i hj r t l
ijajeasj,i.,i. pkaer. gegagu aie hji. olla aie je belu am ash je bezu. ja je bezu. je je ji aozh ja. ja subb je chsiv. ja vk tku el ahk vh tta kaw je airlx.,i ja je a sj
ijauxr,i.,i. xzt vt du taguqr uxaux jar je dkdg o jar jar yk ji. ja jar hji. xsiga jel kap pdep. lavit ja ji el jel pdep. wuh yk ja ji. aohh l wux bpu el je kap lqa.,i ja ux r
ijezu,i.,i. l hhk xta ji. vst ash l hhk gta ji. jar xta yk ji. gta hhk xta ji. qlat el eja tku ji am je atek el subb ja chsiv el je lqa.,i je zu
iji,k.,k. ubva ji.,i ji
ilaba,i.,i. qahh juya rik. lpubl juya qahh rik. siuaa ja je rik o je ja rik.,i la ba
iladu,i.,i. dust ja je rik el je bteb o ja ehu suba zju hji. xzt dust qahh juya rik o qahh hhk suba juya ji am qahh yra ji el je chley.,i la du
ilag,i.,i. xlag subb je ji. rahhr je ji. rali guo z gedher je belu. jel aozh rali z guo je dkdg. shg je kshp. rali guo je ahg.,i la g
ilah,i.,i. qahh uzuini ji. huti lela uzuini ji o kusxkusx qahh ji. am qahh uzuini ji. vh qah z je uzuini pdep. je uzuini tacx. ehu ehg jef ulilu. lela uzuini ji am qahh uzuini iji. yra je kap asx aohh qahh yra ji. yra je asx. olla. qahh yra hji. qahh ja ji. vh axuaxf subtate ja yra kyin el je shley. yra je asx.,i la h
ilain,a.,a. akudep kzin.,i la in
ilavja,i.,i. xta heba. ja belu je yk rik el je shg. xta heba. hut deaw je ja xysi lpupul ja je xysi. am ja thg je rik. ja thg je eitek rik.,i la v ja
ilawka,i.,i. sxuk axuax el lela dkdg f vzt ji. gudi l shtu ji. am glio kyin el ahk lef dkdg f vzt kalao. kat l asj. kat ja z yra du lela dkdg.,i la w ka
iley,a.,a. vh oley hgasi.,i le y
iligat,sj.,sj. aitgutea vx cxihutu ji.,i li ga t
iligt,sj.,sj. sxk gato z aizsuda.,i li g t
in,bu.,bu. ju hucher deqhm. tair el subtet ee yra f yin ji.,in
inasi,a.,a. vt hezi. kap vt akudep.,in a si
inlt,hh.,hh. kap qlat.,in l t
invh,a.,a. kytu vs qvq.,in v h
inxh,a.,a. kap invh.,in x h
iolla,i.,i. olla liuzu ja ee je hkdg. ja je iji. je ja iji. lpupl ja z ja je ji o ja z je ja ji. je ja asj el je lqa.,i o l la
iphjr,i.,i. xhjr bpu. tta guo kyin el xhjr ji. juya vh l beak bebak f qahh hjira el xhjr ji. vh zucjch ja kyin el xhjr ji.,i p hj r
ipqe,sj.,sj. je uxaux lela asj f heze.,i p qe
ipuzu,i.,i. kakauka jaraq akydep aa yra jaraq f lela dsiu je kyin el l ppicj z je ji. vx jel ginger ahk je uxauxf dyt.,i pu zu
iqabr,i.,i. sxi kauin vs yl yre ktap yl ysi ktap ji pu. hhk je tuk. l tky z laf je belu. am cji shg je brye. xzt vx yra ktap axuax iligt je rak o ezugad yra ktap ji el shg je brue.,i qa b r
iqahk,i.,i. qlat l iqf ji. yl yre juya aok el ahg chsiv. yl ysi yra vztu. yl yamte chlicx. qahh cxla hhk juya kyin.,i qa h k
iqf,k.,k. qahh igf.,i q f
iracj,e.,e. inlt kytu. sxuk iska ging ji.,i ra cj
irli,a.,a. airli. kap airlx.,i r li
ishl,k.,k. vh qvq yra vztu.,i sh l
isiga,sj.,sj. taar deda ji.,i si ga
isjaei,i.,i. vh gedhe f sjaap uxauxf xlag lela ji. vh sjeep gedher sxk ehu ulilu aa fjah. ja ulilu lpu je kap lqa.,i sj a ei
iska,e.,e. ahk in belu ska.,i s ka
isuiax,i.,i. lpubel duax je asx. dest hatel aiok o dust sxzu ee kakauka zuer je vztu o kakauka el kakauka liaax f lela yk ji el je cxli. sxi rali tta yra ji. sxi rali yk yra lela ji.,i su i ax
itahe,sj.,sj. vk kata ahg je atek.,i ta he
itar,e.,e. aie je bezu am shg je chsiv o ahg je kata o thg je atek aa je subb ja ulio el je lqa.,i ta r
itgin,i.,i. thg gin kadu. xzt gedher yra hji xzt l hhk lef ji o thg gin kadu. kat ley gin ji. vst ley ginger heba.,i t g in
ituk,i.,i. ezugad el cxsi lela tuk ji. vs je siuaa geder apu ji el ahg je lqa. gedher juya ji. gta z je qahh ji.,i tu k
iutxx,i.,i. utu sjlup aka kzin. dew uxaux in axuax ji. dew vk laf xxx ji am vk yra zint. kka gudih kauin ging zbax.,i u t x x
iuxlvai,i.,i. ja ee je uxi cht. ja ee je uxi husj. ja ee je uxi brye. ja ee je uxi atek. lpubal ja ee je uxi xhjr.,i ux l v ai
ja,cj.,cj. pdepr beax.,ja
jaai,e.,e. vh her osh.,ja ai
jahh,e.,e. kap cjdahh.,ja hh
jahuzu,sj.,sj. ykai z zhlut ja ji.,ja hu zu
jajija,sj.,sj. ja ja iji. ja ahk tta lela prat.,ja ji ja
jajije,k.,k. aie kytu.,ja ji je
jakch,k.,k. ppicj vh uku l beak.,ja k ch
jakuz,sj.,sj. uzuini subb shg je tacx. yra suba je asx el je tare. gta z je yra ji el je chley.,ja ku z
jar,sj.,sj. 1 vx yra tair gudih ji ahk je akudep o je asj f lela. 2 yra ktap ktap f lela.,ja r
jaraq,sj.,sj. jitesh ee jitas ee jitu.,ja ra q
jatao,e.,e. ja lisu ja ji.,ja ta o
jater,e.,e. hgasi z yater dkdg.,ja te r
jauje,sj.,sj. jazah ja ee je ji.,ja u je
jazah,e.,e. asj f lela akydep. aokasx ja akydep.,ja z a h
je,cj.,cj. btebr beax.,je
jef,cj.,cj. wux je kadu f lef.,je f
jegt,e.,e. vh hegt osh.,je g t
jehuzu,sj.,sj. ykai z ladut je ji.,je hu zu
jel,cj.,cj. subteta eeluz deqhm.,je l
jelig,e.,e. vx hut ruk el hezl je hkudep. taar subt ktap gudde el yk ahg je tky.,je li g
jeqr,sj.,sj. vx yra ahk lela airli f deda.,je qr
ji,k.,k. 1 beba. 2 qrexzt deqhm.,ji
jidak,sj.,sj. l xaxaxa ahk ugay f lela.,ji da k
jikai,k.,k. gudih kytu aozh beak aa igf.,ji ka i
jipuqr,sj.,sj. ahk duta f yra.,ji pu qr
jitas,sj.,sj. taar ji el vh wux uxaux lela ishl.,ji ta s
jitesh,sj.,sj. vh yra sjlup ee vzt lela cxla kytu f gazter z kyv.,ji te sh
jitu,sj.,sj. vh yra sjlup ee vzt lela asj f gazter z yater.,ji tu
ju,hh.,hh. 1 kap yra am yra deqhm f gega. 2 kytu kytu f vk yra beax. 3 yutehe shlp deqhm.,ju
juchsj,e.,e. ging xyt am heba. hezte yra ging hji.,ju ch sj
jueju,i.,i. vst airlx ppicj el l igf hji. am shlap.,ju ej u
juer,sj.,sj. cxsi uku juya.,ju er
juex,k.,k. l ju aiqr aa l ju aiqr aa l aiqr lisuvai rik.,ju ex
jupu,sj.,sj. plahe cxsuv lap heba xzt apda belu lela cxs. etela ee gingih ee gubeli dyt aozh uku apda tuk.,ju pu
juya,sj.,sj. yra vx rqada.,ju y a
juzcxy,i.,i. l beak ktap hji. iligt hji. je hji. zhlut ja hji. law hji. giduh z je hji. zucjch z l beak z je spu je kap lqa am vst ja f oley je akudep. gta z je gta z je ji. ja gta hji. tata ja ji. tata z je hji lpubl tata z dku lela. sxuk jahh yra ja ji. cjja osih ee cjje sasih ji. pp.,ju z cx y
kabu,k.,k. yra sjlup yra invh kadu.,ka bu
kad,k.,k. qrexzt lela kytu.,ka d
kadu,k.,k. vh yra ji.,ka du
kagi,k.,k. alp guo kyin.,ka g i
kagin,k.,k. alp guo kyin aa kaqzuli.,ka g in
kahmt,k.,k. xamt luax kyin hudaw.,ka hm t
kai,hh.,hh. uku kakauka ju yra ji deqhm. q. xsiga bteb.,ka i
kaish,k.,k. ladut sub sxresh kyin.,ka i sh
kakakaw,sj.,sj. sxgu z vzt.,ka ka ka w
kakauka,e.,e. ju yra yra hji.,ka ka u ka
kakauke,sj.,sj. vk kakauka f heze.,ka ka u ke
kakaw,sj.,sj. liliax z vzt.,ka ka w
kalao,k.,k. ju yra vk rak aa yra duta.,ka la o
kali,k.,k. yra qah rak.,ka li
kaoee,k.,k. taar yra ji el lela ishl lpubul ju lela.,ka o ee
kap,hh.,hh. xsiga kyv.,ka p
kapu,e.,e. kauin akudep.,ka pu
kaqr,k.,k. yre hutl fjah.,ka qr
kaqzuli,k.,k. qahh pdep aa ju lela kali.,ka q zu li
kat,bu.,bu. gegagu deqhm.,ka t
kata,k.,k. iligt rak vx hjter kyin.,ka ta
kato,k.,k. vs gato hhk kelio.,ka t o
kauin,e.,e. 1 axuax ging dkdg. kap taar. 2 exiex axuaxf ging dkdg. kap taar.,ka u in
kaw,sj.,sj. beax z vzt.,ka w
kax,k.,k. tata kauin ging kra.,ka x
kaxs,k.,k. vh lef sepsi hmlup kyso.,ka x s
kaxt,k.,k. xhmt luax kyin hudaw.,ka x t
kazu,k.,k. sxi uxaux uxauxf yra kytu o sxi axuax axuaxf yra kytu.,ka zu
kazuqr,sj.,sj. uxaux lela aiqr f sjlup.,ka zu qr
kedu,k.,k. yra bteb el ji.,ke du
keka,k.,k. aiguux gega rak.,ke ka
kelio,k.,k. 1 axuax lela uxaux lela kuuee. 2 gega in heha uxaux eeluz in kusxkusx xihuhesh kuuee.,ke li o
kesdat,k.,k. qwq suba dkdg am subb hkdg.,ke s da t
kesdet,k.,k. qah suba kadu am subb hadu.,ke s de t
ket,k.,k. vh beax ging shlp.,ke t
kevin,sj.,sj. 1 yra pdepr. ju l ginga je kelio f yra gega. 2 btebr z yra buk f gege.,ke v in
khjla,e.,e. ju yra kytu aa yra kytu. sxzu l kakauka xhg kyv z lef dkdg.,k hj la
kjar,k.,k. sxi uxaux jar vk dkdg.,k ja r
kka,bu.,bu. subtatef sxresh subtetaf gegagu rik deqhm.,k ka
klu,k.,k. ju yra kytu plu yra.,k lu
kovd,k.,k. hhg am belu.,k o v d
kra,k.,k. vk wux vt wax rik.,k ra
kshp,k.,k. guo kzin vx ging shlup.,k sh p
ktap,sj.,sj. vh wux kytu f sjlup. asre kevin kytu f deda. k. ja ukaji el je akydep.,k ta p
ktix,k.,k. kap ezugad tata z ju lela ji el lela vda.,k t i x
kuchej,sj.,sj. kap ishl f ging.,ku ch ej
kud,k.,k. yra dkdg deqhm.,ku d
kudaji,sj.,sj. yra lela je ulilu. uzuini yra ji. eja yra eji je akudep.,ku da ji
kusxkusx,e.,e. kap qrfde.,ku sx ku sx
kuuee,k.,k. axuax gega uxaux gega kelio. aokasx e eguux kuuee.,ku u ee
kvin,k.,k. qlate suba ji am subb hji.,k v in
kxat,k.,k. hmt ska.,k x a t
kxi,k.,k. vs yra xihuhesh dkdg.,k x i
kyao,k.,k. ju yra yra kyin el je kyso.,k y ao
kyin,k.,k. 1 suba hji am subt ji. 2 suba heba am subt beba.,k y in
kysa,k.,k. vh yra yra kysi.,k y s a
kysi,k.,k. subtatef sxresh kytu.,k y si
kyso,k.,k. vk yra kysi.,k y s o
kyta,k.,k. ehu ehg yra gudde kka kytu. hytu aohh ehu ehg yra kap gudde.,k y ta
kytu,k.,k. 1 kyv kysi. 2 kakauka kyso. sj. kyv in sxresh in hgasi kyv f gega. k kuuee.,k y tu
kyv,sj.,sj. lela in deda ahk kytu f kusxkusx deda. k. bteb in pdep.,k y v
kzin,k.,k. axuaxf sjlup uxaux yra kadu.,k z in
kzu,k.,k. taar yra ji ishl o yra zuya klu.,k zu
l,r.,r. sjdr kytu in eguux in agappx kyin. subteta z gega kadu.,l
laba,e.,e. ja je ahg. yra ktap gudde el je ahk ja ew.,la ba
lacx,k.,k. tata yra aik aa yra akydep.,la cx
lada,sj.,sj. vh sxuk subtate vt l ppicj o kap vt l kagin f yra lela. ocxy ler yra gega cxla beax.,la da
ladut,sj.,sj. vk subtate vt subteta gaeif z qrexzt.,la du t
laex,sj.,sj. lela kagi f yra vzt. dest yra vzt o qrexzt yra lela alpp.,la ex
laf,sj.,sj. ju lela.,la f
lagat,sj.,sj. qahh shlup f sjlup.,la ga t
lah,e.,e. yra tlah.,la h
lahh,sj.,sj. eizt z gudih.,la hh
lahm,sj.,sj. vh alpp z gudih cxhht z lahh.,la hm
lalba,e.,e. je ja luux rik xlio. ja je ahg.,la l ba
laliw,k.,k. subtatef kyv chsiv.,la li w
lap,sj.,sj. lah je f sjlup.,la p
lato,e.,e. tair yre lela ji vx l akydep.,la t o
lav,e.,e. 1 yre ji. ju yra hkdg. lava. lavit. 2 kap lll. sj. ahk tta lela kytu.,la v
lava,e.,e. vh giduh yk yre ji.,la v a
lavit,e.,e. l siuaa heba. tig.,la v i t
law,sj.,sj. belu gudde f yra.,la w
lbf,sj.,sj. yre vzt. am yele vzt hji. hhk kato.,l b f
leax,sj.,sj. heba f lela.,le ax
leda,sj.,sj. lela xyt f lela. kat ginger kap lqa f l wax yras kra o vs lela f gege yras bteb el ginger helu.,le da
lef,cj.,cj. ysi in exiex lela beax.,le f
lela,sj.,sj. qvq dkdg f hucher.,le la
lelad,sj.,sj. eguux dkdg o ewer ahk kyin o ahk kagi vx aie f lela.,le la d
leo,sj.,sj. yre ota lela.,le o
ler,sj.,sj. siuai hgaxi dkdg f kusxkusx gazter.,le r
ley,sj.,sj. akudep z vzte.,le y
liaax,sj.,sj. yras hucher xyt kyso f dgasir z liex.,li aa x
libux,k.,k. ehg hkdg.,li bu x
liex,sj.,sj. liuzu z guo.,li ex
ligaa,e.,e. liuzu dkdg.,li ga a
lik,k.,k. ju yra lisu kadu o yra subb kadu.,li k
likaz,e.,e. suba heba am subb beba.,li ka z
liliax,sj.,sj. yras z sxgu.,li li ax
lioin,sj.,sj. dew tata kauin qwq inxh kra.,li o in
lire,k.,k. hba deda dkdg. ju deda hhg.,li re
liso,a.,a. dest axuax yele vzt o kysi.,li s o
lisu,k.,k. lisuvai ji.,li su
lisuvai,hh.,hh. vk zucjch vt subt.,li su v ai
liu,hh.,hh. yre hucher vh yrs hucher.,li u
liuin,e.,e. kakauka eji.,li u in
liuzu,sj.,sj. vh wux ee wax. am kap vh wux ee wax.,li u zu
livai,k.,k. ubva ee lisu.,li v ai
livi,sj.,sj. helu pdep f hutl z yre lela.,li v i
lizta,sj.,sj. uxin zine dkdg el tata z lela ji.,li z ta
lizu,hh.,hh. yra zuf xyt.,li zu
lkain,k.,k. uxauxf sxgu kytu.,l ka in
lll,k.,k. kauin je hji el je bteb.,l l l
lpisx,i.,i. ysi pulihj je dkdg. yl yre kap hba taar pde z je vztu. yl ysi xamt je ji. am ahk yras kvin. l gzg ee l lav je yk ahg. je je iji.,l p i sx
lpu,q.,q. pu zkehu.,l pu
lpubal,bu.,bu. ehg hgasi deqhm.,l pu ba l
lpubel,bu.,bu. suba hgasi deqhm.,l pu be l
lpubl,bu.,bu. 1 vh siuaa vzt kysi. 2 siuaa sxresh subtet ee subtat kadu.,l pu b l
lpubul,bu.,bu. siuaa hgasi deqhm.,l pu bu l
lpupl,bu.,bu. vs ju zkehu siuaa qatub bteb.,l pu p l
lpupul,bu.,bu. subtet in subtat kysi.,l pu pu l
lqa,k.,k. vh qah dkdg.,l qa
lsa,k.,k. kat yra o je ahk je ji.,l s a
luax,a.,a. axuax lucx.,lu ax
lucx,sj.,sj. vh aohj vzt erisula ska.,lu cx
luiw,sj.,sj. subb kysi bpu el je kap lqa lpupl subb kysi f yra z qatub vh l beak z je ji bpu el je kap lqa.,lu i w
lukad,e.,e. vx akydep f luwux.,lu ka d
lukui,e.,e. vs siuaa yra kakauka el laf ee lela tuk f hutl ji.,lu ku i
lutad,e.,e. vx fgah f luwux.,lu ta d
luux,a.,a. uxaux lucx.,lu ux
luwux,e.,e. xihuhesh dkdg.,lu w ux
o,bu.,bu. ysi eeluz shlp.,o
oam,k.,k. ja je asj kat je ja asj.,o am
obai,k.,k. ley tata z je kzin vx yra.,o ba i
obasu,sj.,sj. xzt uxaux gegagu dkdg am je suja hsj. vh tata z je suja iji. ykai z je suja iji. l bebak yra ji xlio.,o ba su
ochi,i.,i. lela uku lela yk ji. aohh aohucx axt o jar ejk dku lela ji. gudih z uku lela gudih ji. gudih giduh z je kyin el kyso el shg je igf. ginger asj el dr ji.,o ch i
ocxbaf,sj.,sj. sepsi igf.,o cx ba f
ocxy,e.,e. sxi uxaux qahh dkdg.,o cx y
oer,sj.,sj. axuax hute vzt beba f yele vzt. vh ysi ykai z kaw yre ykai ji. oqr ju ykai ji.,o er
oexb,e.,e. laf ahk akydep kka kap cxs.,o ex b
oexin,sj.,sj. kap vx ppicj vh gudih bki f ging. yater z gudih.,o ex in
ogali,k.,k. ju eguux eguux kysi.,o ga li
oger,k.,k. uxaux ley cji dkdg el lqa.,o ge r
ohhs,e.,e. plahe lela belu asj. l hhk f lela belu asj.,o hh s
oing,sj.,sj. oley ging.,o in g
okaax,e.,e. gta sxuk belu dkdg.,o ka ax
oktev,sj.,sj. ket lpu el tkr f heha.,o k te v
ola,sj.,sj. vk lagat ee ladut f vinz.,o la
oley,e.,e. uxaux ley akudep.,o le y
olg,sj.,sj. guerg gerg rek f yra.,o l g
olizte,sj.,sj. kat lizta o teer dew hhk lela kytu.,o li z te
olla,e.,e. lav bteb ee qwq ji. a. lav bteb ee qvq ji. q. 1 oley akudep dust ja vztu. 2 lav bteb z je ji bteb.,o l la
olq,sj.,sj. ahk rek f qvq. jaraq gazter z yra daiu.,o l q
oly,q.,q. sxzu pehut dkdg brye in shley.,o l y
oqr,sj.,sj. hute vzt kzin f yele vzt. vh ysi ykai z kaw yre ykai ji. oer ju ykai ji.,o qr
oraux,sj.,sj. yrs gega ee aiguux z gega f gazter.,o ra ux
osh,sj.,sj. vx siuai juer siuai bett ginger dkdg f uxaux yele vzt.,o sh
osi,sj.,sj. luux aik aa luux lik f idcx.,o si
osih,sj.,sj. vh gudih f cjja sjlup.,o si h
osxh,sj.,sj. sxi rali l hhk f lela xyt.,o sx h
ota,e.,e. tata z cji ahk rek. olla.,o ta
oteb,k.,k. olla bteb. cxla vk kauin hgasi in sxresh.,o te b
ovo,sj.,sj. dust ju yra yra alpp o yra deqhm.,o v o
oyr,bu.,bu. tair subtat ji xzt tair vs subtat siuai f yra pji.,o y r
pakai,p.,p. guda lisuvai bakai pji pu.,p a ka i
palb,p.,p. alb ktap kytu lpu. eut yra pji pu.,p a l b
palw,p.,p. dest yre lela ji f ja je tku o uku ja je tku pu. ykai z ja guerg ji pu. dest guo ja rcxs o ja kytu pu. yre lela thg ja ji pu.,p a l w
pbaer,p.,p. gta belu gpu.,p ba er
pbusi,p.,p. yra subb je chsiv. xej yra ji. subb je chsiv bpu.,p bu si
pdacjch,p.,p. dest ja je rik o ehg kysi bpu.,p da cj ch
pde,sj.,sj. hba vztu f heha z yra z guo z lela in xyte lela.,p de
pdep,k.,k. vzte yra kysi. sj. vzte yra kysi.,p de p
pdepr,sj.,sj. pdep f lela in deda in heha.,p de p r
pehut,sj.,sj. lav in ehut in gude yra ji deqhm. ehg in kap ehg f gato.,p e hu t
pgappx,sj.,sj. yre pul. p kuuee.,p ga pp x
phjqle,e.,e. qah yheam kzin.,p hj q le
picj,p.,p. ppicj el je helu gpu.,p i cj
pingu,p.,p. lagat ppicj gpu o lagat kagin gpu.,p in gu
pip,a.,a. vk ja je ee vk je ja.,p i p
piras,sj.,sj. vh du kaw sxi exiex idcx z uzuini je rak. lpubul idcx z je yra rak.,p i ra s
pji,k.,k. ji in hji.,p ji
pkaer,p.,p. gta ahg dkdg gpu.,p ka er
pkager,p.,p. yre lela keka lpu.,p ka ge r
pla,k.,k. plah kazu.,p la
plaf,k.,k. qvq kytu.,p la f
plah,sj.,sj. zuf z hgaxi.,p la h
plahe,e.,e. tae gudi plah ji.,p la he
plato,sj.,sj. yl yamte ktap z je kedu f lela.,p la t o
plebz,p.,p. gebr dkdg ler zpu.,p le b z
pleh,e.,e. uxaux plah dkdg.,p le h
plia,p.,p. sxresh kysi lpu. ju lela ee lela ulia lpu.,p li a
plu,r.,r. 1 ewer beax. 2 qrexzt deqhm. deqhm deqhm.,p lu
pp,sj.,sj. dust je je olla ji o ehg je bteb f gega. gaeif z zucjch yra ji.,pp
ppby,e.,e. ahg je luux kata. kat vk yl yamte ktap kytu el hba iligt hkdg.,pp b y
ppcxli,sj.,sj. cji je kap cxli.,pp cx li
ppdhu,sj.,sj. subteta oer dust slip o ja je asx. dust ja slip o je ja asx pu.,pp d hu
pphut,sj.,sj. lav yra ji f hgasi deqhm.,pp hu t
ppicj,k.,k. ahk toy in duta f yra kyin.,pp i cj
ppjefam,e.,e. axuax iligt dkdg.,pp je f am
ppkel,e.,e. hhcx z buzpu je kap lqa. am thg je tky kat ligaa vzt ji.,pp ke l
pplali,sj.,sj. ehut uzuini ee je pji je kap lqa.,pp la li
ppscj,k.,k. ysi ppicj.,pp s cj
ppsux,k.,k. l kytu kap bek o gegagu kap kyv o l btebe kap bek.,pp su x
ppt,k.,k. suba dabu am vk uku lela subb pdep. lpubal ahk du lela ktap.,pp t
pptu,e.,e. dkdg am hhk kytu.,pp tu
pqaor,p.,p. gazter z qahh oraux ji pu.,p qa o r
pqhichkag,p.,p. qahh ppicj lpu o kaqzuli lpu.,p q h i ch ka g
prat,k.,k. suba ju yra kxat am subb yra kxat.,p ra t
pray,k.,k. qlat yra ji ishl.,p ra y
ptabe,p.,p. sxi tabe ginger kytu el ahk ktap kytu gpu.,p ta be
ptap,sj.,sj. ging ahk lela rak f deda.,p ta p
pu,q.,q. kap shpuli pul kyv f gega.,pu
puaxer,sj.,sj. liuzu dkdg o hhk rink f sjlup.,pu ax er
puel,sj.,sj. kat aohucx axt kadu o yra laf sxi inlt asj.,pu e l
pugin,sj.,sj. pptu f ging.,pu g in
pukudep,p.,p. kakauka l bki ee l dyt ji pu. sxde qahh hji pu. kap vzte l kusxkusx ji pu.,pu ku de p
pul,sj.,sj. 1 kap shpuli f qvq kyv f eeluz. 2 ubva pdep f kap shpuli f qvq.,pu l
pulihj,sj.,sj. kat yra o qlat vk brye ji.,pu li hj
pulisu,p.,p. ja kadu spu. ja je rik lpu. puaxer subt lisuvai ji.,pu li su
pulupu,sj.,sj. xyte yre am liuin ji.,pu lu pu
putel,e.,e. pul ee qlate kzin.,pu te l
pvbe,p.,p. je ubva je kyin lpu.,p v be
pvhaf,sj.,sj. halq in ppjefam f yra hgasi.,p v h a f
pvja,p.,p. ja kadu spu. dast plato je tku o ulio pu.,p v ja
pvlib,p.,p. ju yra je belu am yra helu gpu.,p v li b
pvtat,e.,e. sxi taar subtat eji el je lqa. yra je brye lpubl brxe.,p v ta t
pxaji,p.,p. vh ash je lisuvai kax gpu.,p x a ji
pxubi,p.,p. bipu ee xux je dew akudep gpu.,p x u b i
qah,sj.,sj. qvq kysi f yra z guo.,qa h
qahh,sj.,sj. qahhi yra.,qa hh
qahhi,e.,e. luwux juya ji.,qa hh i
qahu,sj.,sj. vh qah l uku.,qa hu
qahx,e.,e. kap luwux juya ji.,qa h x
qaote,sj.,sj. cjja in cjje yra z gudih ji f pdepr.,qa o te
qaq,sj.,sj. vzta hucher.,qa q
qari,e.,e. yater xyt.,qa r i
qatub,sj.,sj. kyin vx kalao f qaq.,qa tu b
qelutx,e.,e. kovd f akudep.,qe lu t x
qewre,e.,e. 1 vk ju ja ging dkdg. 2 ewer ahk kyin.,qe w re
qhh,sj.,sj. pdepr bteb kyin.,q hh
qlad,e.,e. vh uxaux hutl ee uxauxf yela ahk kytu el yra kyso.,q la d
qlah,sj.,sj. qahh z lada.,q la h
qlat,hh.,hh. sxk ehut vk gudde ji.,q la t
qlate,sj.,sj. qlat sxresh.,q la te
qlrga,sj.,sj. ligaa je ji. ju yra ahk je kytu am yra hhk. tair jel yk ji o kauin hji.,q l r ga
qrexzt,sj.,sj. 1 beba ging. 2 ja ee je uxi beba f akudep.,qr ex z t
qrfda,e.,e. suba kaish.,qr f da
qrfde,e.,e. kap kusxkusx. aokasx vzte deda. a. subb kytu.,qr f de
qrfdu,e.,e. yra ji o ju dku yra hji. yra hgasi bteb.,qr f du
qrinaa,sj.,sj. vk zhlut f dyt. zlut keka f kyv.,qr in aa
qvdedein,sj.,sj. hgasi z qvq in akudep kyv f gega. q kuuee.,q v de de in
qvq,sj.,sj. kap vzte f kyv.,q v q
qwq,sj.,sj. sxgu z qvq.,q w q
rah,k.,k. riju suba ji am qahhi subb ji.,ra h
rahhr,e.,e. belu jajije.,ra hh r
raiko,k.,k. ja je rik. liuzu z zhlut kytu.,ra i k o
rak,k.,k. dkdger kyin.,ra k
rake,k.,k. yk yra z cji yra kyao.,ra ke
rali,e.,e. yre hgasi yra dkdg kka yra belu je asj.,ra li
ralio,e.,e. rali egg aoer ee guo ji.,ra li o
rasib,e.,e. lav guo hji. uxaux ykai dkdg. sxgu hkdg.,ra si b
ratazee,e.,e. exiex iligt ahk aoliga.,ra ta z ee
ratazu,e.,e. uxaux iligt dkdg. belu blit f dku deda ahk blit.,ra ta zu
ratuh,e.,e. deqa lela belu jajije. am kap taber yra ji el je lqa.,ra tu h
rau,q.,q. rali uzuini ji xlio.,ra u
rauizi,e.,e. uzuini je asx vs sxi uxaux.,ra u i z i
rcxs,k.,k. suba dkdg am subb hkdg.,r cx s
reehj,sj.,sj. xihuhesh hkdg f hgasi. e. xihuhesh hkdg.,re e hj
rek,k.,k. vk ju dkdger vt dkdger rik.,re k
reuizi,sj.,sj. l kshp uzuini asx.,re u i z i
riju,e.,e. kap lqa.,r i ju
rik,k.,k. vk ju yra vt yra ska.,r i k
rink,k.,k. 1 vk wax vt wux ska. 2 ykai z ju yra yra kyin.,r in k
rlifska,k.,k. lef taga. oley je ji.,r li f s ka
rpqata,sj.,sj. vzt in sjlup in hgasi beax f gega. r kuuee.,r p qa ta
rqada,k.,k. ju yra yra chha aa kysi f yra akydep.,r qa da
rqr,k.,k. obai aa vk sxi taar yra kytu.,r qr
rsisu,e.,e. kauin ji ee vk xhjr ji.,r si su
ruk,k.,k. vk yra hkdg.,r u k
sage,sj.,sj. sasih z ginger.,s a ge
sagr,sj.,sj. ging kzin f saqr.,s a g r
saig,sj.,sj. kat xlag xhjlp o hhk ppicj.,s ai g
saoled,sj.,sj. yre taguqr. dudi kabu.,s ao le d
saqr,sj.,sj. vh uxauxf cjje sjlup z gudih o vh cjja sxgu z gudih f ahk inlt ska f vztel deda.,s a qr
sasih,sj.,sj. sxzu saqr dkdg f sjlup.,s a si h
sepsi,sj.,sj. uxaux riju ging dkdg f sjlup.,s e p si
shcxa,e.,e. luwux vh qah yra ji.,sh cx a
shg,k.,k. helu je kytu am taar in tair yra ji.,sh g
shlap,k.,k. eje ee je ee aje uxi igf.,sh la p
shley,e.,e. ley z ja. k. ahk sxresh gudde el plaf.,sh le y
shlp,k.,k. 1 vk yre guo ju yra ee yra kysi. 2 vk yre ging ysi ging kytu.,sh l p
shlup,k.,k. siuaa hgasi dkdg f uxaux hucher chha.,sh lu p
shpuli,e.,e. qrfda vh qvq ji.,sh pu li
shpzt,sj.,sj. xlau upelip ji. ejlip hhg kat l toy yra yk ji. yrs lela subb kahmt. yrs deda subb kaxt. hhg chsiv o kshp o bebak.,sh p z t
shtu,k.,k. dust sxi uxaux amsht ji o amx kysi.,sh tu
shuzin,e.,e. igubl je akudep kat je uzuini asx el je lqa. xamt je ji el zju kap pray. gta z je uzuini eji aozh je igf.,sh u z in
sijia,k.,k. shcxa riju kyin. rah.,si ji a
siuaa,hh.,hh. ju yra yra ji. kap kakauka. q. lpubl.,si u aa
siuai,e.,e. siuaa xyt.,si u ai
sjaap,sj.,sj. tta guo o yre hutl ji f sjlup.,sj aa p
sjam,sj.,sj. egaxi suba ji am subb hji f yra.,sj am
sjamhe,sj.,sj. yre uxauxf kazuqr. vt yra uzuini ji.,sj am he
sjdr,sj.,sj. hucher deqhm f gega. sj kuuee.,sj d r
sjeep,sj.,sj. cxsi sjlup.,sj ee p
sjip,sj.,sj. slip f sjlup.,sj i p
sjlip,e.,e. vh guo ging luux xhmt ska.,sj li p
sjlup,sj.,sj. ahk ging kadu f yra.,sj lu p
ska,k.,k. exate kytu.,s ka
slip,k.,k. vk husj wah qah rink.,s li p
sokqt,sj.,sj. gerg z plato.,s o k q t
spu,q.,q. pu sjlup.,s pu
steam,sj.,sj. ktap blit f sjlup.,s te am
sub,a.,a. vh yre vzt ju sxresh ee sxresh kytu.,su b
suba,k.,k. vh subteta kyv.,su ba
subb,k.,k. subt kyv.,su b b
subi,e.,e. qrfde beba f vzt.,su b i
subt,sj.,sj. kap subteta ee kap subtate. hh. kap vh subteta ee kap vh subtate.,su b t
subtat,sj.,sj. subtate lela in deda in sxresh in hgasi.,su b ta t
subtate,e.,e. zucjch tlah.,su b ta te
subtatef,hh.,hh. hgasi z subtat dkdg.,su b ta te f
subtet,sj.,sj. subteta lela in deda in sxresh in hgasi.,su b te t
subteta,e.,e. alpp tlah.,su b te ta
subtetaf,hh.,hh. hgasi z subtet dkdg.,su b te ta f
suerr,e.,e. beba in heba deqhm. k. beba in heba. sj. hgasi z beba in heba deqhm.,su er r
sui,a.,a. suba ishl.,su i
suja,sj.,sj. ja suba ji f lela.,su ja
suk,k.,k. sxi axuax kytu.,su k
suras,sj.,sj. uku suja je lsa. rali yras ji. taer l asj am l hhk ji. yras je asj.,su ra s
sutb,k.,k. subt suerr.,su t b
suzao,sj.,sj. yre ler z idcx huji ji. je atek o igebl ji ahk el yras tuk kyso.,su z ao
suzub,sj.,sj. bipu akudep kat sxi uami subb je kyin. lpupl eje subb xhjr.,su zu b
sxde,sj.,sj. zine z gudih byta f hjchai sjlup z deda in lela.,sx de
sxgu,sj.,sj. 1 yras z guo. 2 shlp f yra.,sx gu
sxh,sj.,sj. hgasi kytu el pdep f yra pdepr.,sx h
sxi,r.,r. yra kytu vx vh subtate eguux.,sx i
sxk,hh.,hh. 1 sxuk axuax deqhm. 2 yk yra beax.,sx k
sxqa,e.,e. plu kakauka ju yras vh ladut yras beax. cjdahh xihuhesh ju yras ee yras dkdg.,sx qa
sxr,sj.,sj. vk tkr f ahg tku f yra.,sx r
sxresh,sj.,sj. vh vzt ee sjlup kysi f yra.,sx re sh
sxuk,a.,a. uxauxf uxaux in axuaxf axuax dkdg.,sx u k
sxvz,e.,e. vh wax z liuzu z qahu z lela sxresh kysi.,sx v z
sxzu,hh.,hh. sxuk uxaux deqhm.,sx zu
sxzug,sj.,sj. suba bki o ahk kzin f yra.,sx zu g
taar,e.,e. uxaux ging dkdg. kap kauin.,ta a r
taare,sj.,sj. taar ji el yras lela ishl.,ta a re
tabe,e.,e. vt tata vda.,ta be
taber,sj.,sj. vt wux z tata belu f yra.,ta be r
tabir,hh.,hh. vt wux z tata belu.,ta b i r
tacx,k.,k. vk lela kyv.,ta cx
tade,sj.,sj. thg el ehg kysi f yra kysi.,ta de
tae,q.,q. isiga bteb.,ta e
tael,e.,e. ehg kysi f yra el lela lqa dr o ehg kysi f yra dr dsu.,ta e l
taer,e.,e. sxzu taar.,ta er
taga,k.,k. ju lela lela gatira. lisuvai utei el ysi lela brye.,ta ga
tagai,k.,k. pip pdepr ysi kyin.,ta ga i
taguqr,sj.,sj. uxaux kazuqr kadu f uxauxf sjlup. siuai jaraq vh yra ginger dkdg. yre geib yra dkdg.,ta gu qr
tair,e.,e. 1 taar ji kat yra yamte kyin. 2 kat taber yra ji.,ta i r
tala,sj.,sj. taber ji el uku ginger kaoee f hucher.,ta la
talir,hh.,hh. kat sxzu ezugad yra ji.,ta li r
tare,k.,k. kali kap vx kaqzuli.,ta re
tata,sj.,sj. ging z ging o ja z je.,ta ta
tatute,sj.,sj. riju juya qah kzin vx kakauka jaraq.,ta tu te
teasx,sj.,sj. ja je asx. vs ja uzuini je alpi deqh. taar dr hji. gta z je ubva zju hji. vs ja zju kap shg je deqh.,te a sx
teer,e.,e. taer o sxi taar hhk.,te er
tehu,k.,k. ehut lav kyin.,te hu
teshqr,sj.,sj. yras qvq z yras ginger.,te sh qr
tetekapu,e.,e. ging hkdg.,te te ka pu
tetyl,sj.,sj. guo z cji ee teer guo byta kyso f pul.,te t y l
tgein,sj.,sj. siuai el ju lela lela raiko o jahuzu jehuzu raiko ji f yra cxhht.,t ge in
thg,k.,k. ju cxhht hkdg.,t h g
tig,e.,e. kakauka vs uxaux siuai yra ji.,t i g
tite,k.,k. taar ji el lela ishl.,t i te
tji,k.,k. ji vx law gudde.,t ji
tjuk,k.,k. kat l kysi o ju yra kyin.,t ju k
tkr,k.,k. pul suba ji am subb hji.,t k r
tku,k.,k. suba kap lqa am vx law subb tky.,t ku
tky,k.,k. gudi suba hji am subb ji.,t k y
tla,k.,k. qah ubva kadu.,t la
tlah,k.,k. aohjg yra kabu.,t la h
toy,k.,k. vk beba thg dkdg aa duta.,t o y
tre,k.,k. ysi dkdg.,t re
trk,k.,k. vk daf rak yra ruk.,t r k
tru,k.,k. pul yra ji ishl. pul bteb.,t r u
tsar,sj.,sj. uku l tair.,t s a r
tsis,e.,e. dust ja ginger asj el je lqa o kauin je akudep.,t si s
tssi,e.,e. kap hurer.,t s si
tta,e.,e. lela in deda in heha in kyv hkdg.,t ta
tuk,k.,k. juya idcx kyin.,tu k
tuzt,k.,k. pdep vzte kytu.,tu z t
uami,e.,e. uxaux amsht je ji el je in laf ishl.,u am i
ubei,k.,k. pip btebr kyin.,u be i
ubtek,i.,i. je belu bpu. gta pu. xta pu. gta je oly belu am qlat gta ji o l vtek je ahg. thg je vtek. je ehg eja rik el je lqa.,u b te k
ubva,k.,k. suba ji o subb yre ji.,u b v a
ugai,e.,e. vh uxaux vzt ahk airli.,u ga i
ugay,k.,k. l beak kap bebak aohh qlat l beak ji.,u ga y
uiah,sj.,sj. belu utu lela rake f qahh.,u i a h
uji,k.,k. uku ji.,u ji
ukaji,k.,k. wux kadu.,u ka ji
ukalig,sj.,sj. vh yra jaraq dkdg f axdacj kakauka iligt klu lpu f l ishl ji.,u ka li g
uku,hh.,hh. du yra ukaji.,u ku
ulas,sj.,sj. vt huter f rali.,u la s
ulia,k.,k. yl yre ulilu.,u li a
uligt,sj.,sj. hba iligt.,u li g t
ulilu,k.,k. pip pdepr kyin.,u li lu
ulio,k.,k. subtatef olla gta ulilu.,u li o
ulu,e.,e. vh l uku f yras in yra.,u lu
upelip,sj.,sj. ahsh hhk kxat. uxaux pehut kka sjlip akudep.,u p e li p
ushhm,i.,i. yra z guo sxgu ji lpubel yra z eguux buk ji.,u sh hm
utal,hh.,hh. ahk yk yra liu lela kytu in yk yra liu lela dkdg.,u ta l
utei,k.,k. siuaa sjlup kadu.,u te i
uttasiv,i.,i. vh cxlia oraux sasih ee kazuqr ee cxhht dabi.,u t ta si v
utu,e.,e. vh l uku f uxauxf yras.,u tu
uxaux,hh.,hh. kap axuax. zuf bteb.,ux a ux
uxauxf,e.,e. hgasi z l uxaux dkdg.,ux a ux f
uxi,a.,a. yre sxresh ja ee je kadu.,ux i
uxin,a.,a. hhk sxi uxaux.,ux in
uxipu,e.,e. uxaux lela uxi dkdg.,ux i pu
uxlaz,k.,k. ging rak.,ux la z
uxligt,sj.,sj. uxaux pul ahk uxaux iligt tkr.,ux li g t
uxlix,sj.,sj. xux lela inlt kyso. uxaux ahg kali f yras iji.,ux li x
uxqaxi,sj.,sj. vk ehu pip asj f lef o exiex qlate vh gtin inasi kyin f cxhht dkdg.,ux qa x i
uxtre,sj.,sj. vs uzuini byta o ycx kakakaw uxaux amsht z je ji. axuax xux yra xyt.,ux t re
uzuini,sj.,sj. vh sjamhe yra je ulilu. sxuk rali yra ji. vh l ulia yra je asx. am dutipp jef ji kat sjamhe yra aiqr o cxqku je aiqr.,u zu in i
uzulip,e.,e. vh tgein sjlip je ji.,u zu li p
uzuz,e.,e. riju ging tata z je kzin kka l dku je kap lqa xyt.,u zu z
vda,k.,k. kyv qvq kyin.,v da
vdasi,i.,i. yre ler ulas l achai ji. vk ja f zhlut achei ji. vk giduh ee gudih f uku achei ja ji.,v da si
vgahk,sj.,sj. igubl lela akudep f sjlup.,v ga h k
vh,r.,r. vzt in sjlup beax.,v h
vhhba,sj.,sj. hhk f sjlup.,v hh ba
vhsut,a.,a. vh yele vzt.,v h su t
vinz,sj.,sj. l lqa ee l dvt.,v in z
vk,r.,r. 1 ja beax. 2 qrexzt beax. 3 subtatef vzt in sjlup beax. 4 l subteta z kytu kadu o sjdr kytu kyin. 5 l subteta z kytu kadu o kytu vda deqhm.,v k
vlsa,e.,e. tair yra ji el hezt el uku aige heze dkdg.,v l s a
vlzu,sj.,sj. yater kyin f lela. gaga alp f lela.,v l zu
vpu,q.,q. pu vzt.,v pu
vr,r.,r. l wux z bteb subtet hadu.,v r
vrtu,k.,k. vh qah tata z laf pdep.,v r tu
vs,r.,r. xihuhesh deqhm.,v s
vst,r.,r. vs tta.,v s t
vt,r.,r. subtetaf vzt in sjlup beax.,v t
vtek,k.,k. vk atek ysa plaf.,v te k
vx,r.,r. subtet kytu kat subtat. dew vh eeluz sxuk subteta ahk yra kadu.,v x
vzt,sj.,sj. guo z ging.,v z t
vzta,e.,e. hgasi z vzt dkdg.,v z ta
vzte,sj.,sj. guo z vzt. e. ahk pdep. a. vztu deqhm.,v z te
vztel,e.,e. inlt vztu. q. inlt tku.,v z te l
vzti,a.,a. yra ahk bteb am hezte kap thg ji.,v z t i
vztu,k.,k. vh qah yra pdep.,v z tu
wah,a.,a. kap ukaji.,w a h
wao,e.,e. oley akudep vx ju lela.,w ao
wax,e.,e. liuzu pdepr ee btebr dkdg. sj. dust liuzu ja ee je dkdg o je kadu f sjlup.,w ax
wbai,e.,e. uxaux vzt dkdg.,w ba i
wchaa,i.,i. osi ja hadu. vzt ja kap kedu am kazu. vzt z ladut ja keka. guo z qrinaa ja ji. zlut l ska z ja bik.,w ch aa
wchi,i.,i. vk lela wsir huji ji. kauin huji ji o vx l hhk z jef yras hhk jef rcxs el lela ishl. plahe lap lela belu. am riju yras rcxs el l pla hji o yras lqa ji.,w ch i
wcxd,i.,i. guerg gerg dkdg lpubul gerg guerg dkdg. l xhjr uku ginger dvt aa plaf. l xhjr l plaf bki. vh giduh ginger yre lela tji. l beak z yra vk gerg vt guerg ji.,w cx d
wder,sj.,sj. vk zkehu pdep f aige zuf z vzt ee sjlup ee lela ee deda tky f gaeif.,w de r
wduhba,i.,i. yl yre kaw z alaw subtate kaw ji. kap bezt aohh ppjefam. dust l bebak je dyt o igubl je akudep. subi giduh z je je obai.,w du h ba
werd,sj.,sj. dew uxaux vzt je dkdg am yras hhk kzu.,w er d
weruo,i.,i. xlag kap inlt akudep f guo plahe guo ji. aie helu yra hji. ley z laf dyt ji. qahh hhk el ley z laf cht kyin. rqr ahk.,w er u o
werx,k.,k. kap ubva klu am subb ruk.,w er x
wgaba,i.,i. lagat olla ja kap uji. uxin plahe qahh hji. aka ykai z qahh ji. zhlut ja kap uji. l wax z je exiex qvq kadu. dest je xhjr o ja beba vs ykai z lagat.,w ga ba
wgagg,i.,i. vs zuf z ginger axuax rali axgg ji. guo l rali kap yk kedu o tata kedu. rali lela du lela asj o gta shg du lela dkdg. vztel rali lela ehu gta z du lela ji. rali lela ahk gta z rali lela ji. rali ejk du lela ji vx atek ee gaint. gta z rali lela gin deqh.,w ga g g
wgugg,i.,i. gudih uxaux rali axgg kadu. dest yras shtu o subtate gingih f axgg bebak. livai l rali kap xhjr. ykai z gudih l rali ji. rali axgg je asj am dest vs exiex yele vzt guo z yras je vztu o uxin rali yras ji el je hkudep. kat yras je kap vrtu. vk je vrtu f lela kap rali yras kap kyin. ju ler rali yk ehg yras kyin. kat pip tata suba jef kytu.,w gu g g
whaux,i.,i. btebe f ewer eguux kap yk ji. sxzug z jaraq yra kap yk ji. jar z qrinaa yra kap yk ji. yre qrexzt eguux ji. kusxkusx eguux ji lpubl ahj. xihuhesh ejk l kusxkusx pdep. daah z gudih xihuhesh ji. xzt eguux gudih hkdg o sagr guo hkdg o akudep lela hkdg.,w h a ux
wiage,i.,i. hut sokqt subb je fgah. axgg je asj o rali guo je asj. am yre ler taer l asj el ahk je fgah. ash ee vk giduh f l bebak el dr ji. lpupl ja je asj o uku axgg je sub asj. lpupl l rali je asj.,w i a ge
wipp,e.,e. teer cji ji ishl aa laf ktix.,w i pp
wirja,i.,i. thg lela xhjr kka kap ezugud el teer guo belu el ji. ja je hji. kka ja je belu. jel kap kat xhjr kap kysi el ahk ja kyso. xhjr bpu el je lqa el ahk ja kyso.,w i r ja
wkrsx,i.,i. vhhba ket el ktap je kytu kedu. yra pphut z ginger. yamte lela ji aohz yra ler ktap gudde.,w k r sx
wlait,i.,i. pip tabe asj el sxk gegagu z gtar ji. sxk lela ja ji. lavit lela. lpubl lavit lela je ji. dku laf je hji lpubl ja.,w la i t
wooo,i.,i. gudih airli o gingih airli o taguqr airli. kka giduh airli. olg baali ji. ola kazuqr ji. olq cxhht ji.,w o o o
wsir,e.,e. exiex sjlup axuax axuaxf yra kadu. kap shlp. suba axhk.,w si r
wsxai,i.,i. ja je asx. vh yl yre kaw z alaw ja je asx. ja hhk je tacx. ja hhk je ulilu. kai ja xhg je tla. olla suja yra ji. ja suja el suba je chley xlio.,w sx ai
wsxkr,i.,i. vk ja el ktap je kytu hji. lpubl vk jar. vk ja tku aa aik ji. yre lela ja kap yk ji o yre gudih ji.,w sx k r
wtahh,i.,i. qrfda qahh ji. lagat suba bki f gudih ji. l igf z jef zhlut vr lagat ji.,w ta hh
wubsjlp,i.,i. yl yre kaw z alaw subt kaw ji. oley sjip z subteta oer z je ji. ja ee je utei. uxin igubl ee uxin oley je akydep.,w u b sj l p
wuh,a.,a. ukaji.,w u h
wux,e.,e. liuzu pdepr ee btebr hkdg. sj. dust liuzu ja ee je hkdg o ja ee je uxi kadu f sjlup.,w ux
wxgud,i.,i. uxin talir iligt in gta in guerg hji lpubl ktap. ktap je kytu kat ja ji bpu el belu je lqa. pdepr ja ji. ktap je kytu kat pdepr ji bpu el belu je lqa. giduh z je vr je pdepr ji. kka je bpu el pdepr bpu hji. tkr el sxh z l gudde hji kat tair ehu sxr hji. sxi taar el subb gudih subtate gudih byta el sxh z l gudde ji.,w x gu d
wzu,q.,q. tair yra ji el helu je ishl. am yra thg je ishl.,w zu
wzutaa,i.,i. etu ee qlad wder je shg. uligt ee vk ktap z je vh subtate ysx kakakaw f wder ee gaint ahg je dkdg. aige zua z iligt ee ysi juex f qrfdu vzt tky. zucjch bpu shg je lqa el sxi elau ji. taer chge dkdg f lela shlp aa sxi taar gudih kyso el zucjch ji.,w zu ta a
xamt,e.,e. uxaux amsht ji.,x am t
xax,e.,e. akudep vx kap gudde.,x ax
xaxaxa,e.,e. xlio aosiple xux.,x ax ax a
xbe,hh.,hh. qlat ehut am tair ji.,x be
xdet,k.,k. ju akudep akudep dsu el akydep am hji.,x de t
xdydax,i.,i. guo gua hji el exiex lela ishl. qatub z guo l shtu ji. olla ejk gua xkaka. vk bik iligt ahg. exiex pphut yra dkdg. vx jel ahk lada akydep.,x d y da x
xej,e.,e. heba.,x ej
xeli,a.,a. ubva uxauxf kax.,x e li
xgf,k.,k. je igf am kap gudde.,x g f
xgin,sj.,sj. vh guo kauin ji f yra.,x g in
xhg,k.,k. kap shg.,x h g
xhge,e.,e. hhg.,x h ge
xhht,k.,k. subb l kauin aok lqa o yra hhk lela kytu.,x hh t
xhjkeg,sj.,sj. tair l xzuin ji. axuaxf oley je ji. kat tair yra ji.,x hj ke g
xhjlp,e.,e. hhk dyt f ging kzin.,x hj l p
xhjr,k.,k. vk heba. sj. heba.,x hj r
xhjra,k.,k. tta kyin.,x hj ra
xhjuzu,sj.,sj. vh hmbaao zucjch uzuini yra ji. yra kap ehg je bteb.,x hj u zu
xhmt,a.,a. kap hmt. e. qlat vk ppicj ji.,x hm t
xigin,sj.,sj. lavit xihuhesh z ging.,x i g in
xigingt,sj.,sj. ging ee iligt f xihuhesh. ehut iligt ji vx ging. gato z ging iligt ji.,x i g in g t
xihuhesh,sj.,sj. ju hucher ee hucher deqhm.,x i hu he sh
xikag,sj.,sj. l kagin z xihuhesh.,x i ka g
xinei,sj.,sj. ziex je chley o ja yra jar ji.,x in ei
xkaka,k.,k. xhmt shlp aa kauin ging kaish.,x ka ka
xlag,e.,e. guo kaqr.,x la g
xlau,e.,e. xzt yra kap kysi o sxi taar yra eji.,x la u
xligt,sj.,sj. uxaux pul hhk iligt dyt. xzt ppjefam o uxaux pul ahk dyt vx l asj ee qrexzt.,x li g t
xlio,q.,q. sxuk akudep deqhm.,x li o
xqah,sj.,sj. belu tta lela rake f qahh.,x qa h
xracj,e.,e. qlat kytu. sxuk xska ging ji.,x ra cj
xradu,k.,k. ju lela suba lela asj am subb kesdet.,x ra du
xsiga,sj.,sj. kauin ji deqhm. heba deqhm.,x si ga
xska,e.,e. kap iska.,x s ka
xsx,sj.,sj. vh tata z je ja xhjr.,x sx
xta,sj.,sj. vx yra ahk je kali am yra je hsj f gedher.,x ta
xuk,q.,q. uku deqhm.,x u k
xux,e.,e. axuax ley hkudep.,x ux
xxux,e.,e. je ehu yra lela kap asx kat xamt je ji.,x x ux
xxx,e.,e. guo kauin ging kzin. xux dsiu.,x x x
xyki,sj.,sj. xihuhesh f ykai.,x y k i
xysi,k.,k. kap uxi kysi.,x y si
xyt,k.,k. ju yra yra vzte ji am hji.,x y t
xyte,e.,e. ju yra yra xyt f xihuhesh dkdg.,x y te
xytu,e.,e. kap eytu.,x y tu
xzt,bu.,bu. suerr hgasi beax.,x z t
xztl,k.,k. kap asx. vs exiex erisula belu kadu. axx.,x z t l
xzueip,sj.,sj. jar ehg jef hji.,x zu ei p
xzuin,e.,e. je ja asj el ubva je ishl. olla je ubva ja hsj.,x zu in
yamte,y.,y. ju ysi yre. sj. uku qwq shlp f guo. tair yra ji el uxauxf ginger olla ishl.,y am te
yater,sj.,sj. plu kakauka xbe alp zkehu ahk lela fgah in akydep f hjter.,y a te r
yax,y.,y. ju yux yre.,y ax
ycx,y.,y. ju ysx yre.,y cx
yela,sj.,sj. ju hgasi ee hgasi f kakauke zpu f zuf.,y e la
yele,hh.,hh. vk ju yra vt yra f yras vh vzt in sjlup.,y e le
yer,y.,y. ju yamte yre.,y er
yex,y.,y. ju yax yre.,y ex
yh,y.,y. tta yre.,y h
yheam,sj.,sj. yra vx ginga pdep.,y he am
yin,cj.,cj. vh ysi f yre.,y in
yk,hh.,hh. ju yra hkdg.,y k
ykai,sj.,sj. vh uku yras f axuax yra.,y ka i
yl,r.,r. zaf zuf kyin. subteta z zuf kadu.,y l
ypu,q.,q. ju yra in yra pu.,y pu
yra,cj.,cj. 1 axuaxf hucher. 2 aol hucher. 3 lela in deda in heha beax. 4 sxresh in hgasi beax. r. lavit hucher beax.,y ra
yras,cj.,cj. shlup f exiex in uxaux yra. sj. l utu beax.,y ra s
yre,y.,y. kap axhk f yra deqhm. a. yra yra ji.,y re
yrs,hh.,hh. ju yra ee ju yra ee yra vk zucjch.,y r s
ysa,a.,a. ysi aa ysi.,y s a
ysi,y.,y. ju yre yre. a. 1 kytu o siuaa kytu. 2 suba ji lpubal hji am subb ji.,y si
ysx,y.,y. ju yer yre.,y sx
yutehe,sj.,sj. zuf deqhm. y kuuee.,y u te he
yux,y.,y. ju ycx yre.,y ux
z,r.,r. subtet subtat dkdg deqhm. ulu subtat subtet ji.,z
zaf,sj.,sj. subtat ju yra ji o subtet yra ji deqhm.,z a f
zail,sj.,sj. suba bki f ahk aiqr f igubl sjlup.,z ai l
zaxei,e.,e. ahk luux kytu f hgasi chtu.,z ax ei
zaxt,k.,k. vh yra axt taar ji.,z ax t
zbax,k.,k. 1 dest ging rink o kakauka sjlup yras axhk aa rik. 2 suba axhk ee beba am kap shlup.,z ba x
zbug,k.,k. iblug kyin.,z bu g
zhlig,sj.,sj. vh yra sxresh cjje axt kadu f lela.,z h li g
zhlut,sj.,sj. uku luwux qvq f gazter.,z h lu t
ziex,sj.,sj. dutipp jar je tagai. gta z yra ee yra utei. lef rlifska.,z i ex
zine,sj.,sj. ahk kzin f zuf.,z in e
zint,k.,k. kauin ging luux rink. kat tata ubva kauin kzin o sxi uxaux hhk dkdg.,z in t
zju,cj.,cj. 1 vh subteta lela beax. 2 dew uzuini beax.,z ju
zkehu,sj.,sj. vk gudde f cxhht.,z ke hu
zlatuji,sj.,sj. dust ju juya juya rqada o ysi juya yras hji o yre alp juya ji.,z la tu ji
zlut,sj.,sj. ykai z zhlut. exiexf xracj liuzu yra dkdg.,z lu t
zpu,q.,q. pu zuf.,z pu
zua,sj.,sj. zuf z duta.,zu a
zuax,sj.,sj. zuogu aiqr f liaax z utu lela.,zu ax
zucjch,sj.,sj. 1 vh sxuk subtate f vzt. 2 dust sxuk subtate vzt ji o kadu f sjlup. 3 dust gudde in xgf o kadu f hgasi.,zu cj ch
zudau,sj.,sj. pehut z l beak ahk ginete dvt aa vda.,zu da u
zuer,sj.,sj. zuax ji f lela.,zu er
zuf,sj.,sj. axuax in uxaux hucher ji.,zu f
zuhhra,sj.,sj. kauin ji el beba f ging ishl am ejk yra hji.,zu hh ra
zuhlita,sj.,sj. qlat ehg ja ee je utei. kat kakauka cxhht ja ee je dkdg.,zu h li ta
zuhulita,sj.,sj. ehut l tagai ji am je helu. kat ja je yre asj.,zu hu li ta
zukasu,sj.,sj. xzt subtat aa zucjch lela vztu o qlat ehg uxaux pul hji.,zu ka su
zuli,sj.,sj. yater z eguux jakch f yra lela. yre ysi yh yux alpp ji o yre ysi yux yamte zucjch ji.,zu li
zulig,sj.,sj. vh yra sxresh cjja axt kadu f lela.,zu li g
zuogu,sj.,sj. yre taguqr. hatel kadu.,zu o gu
zuy,sj.,sj. zine z tata z lela.,zu y
zuya,a.,a. plu tata. uku ging shlp.,zu y a
